date,n_total,n_tanker,n_container,n_dry_bulk,n_general_cargo,n_roro,capacity,capacity_tanker
2019-01-01,52,33,6,9,1,3,2795480,2390755
2019-01-02,61,37,13,9,0,2,1991917,1022523
2019-01-03,71,49,10,9,3,0,3604099,2841667
2019-01-04,59,35,10,11,2,1,1966770,1207506
2019-01-05,61,34,10,13,3,1,2851813,1830227
2019-01-06,56,36,6,12,0,2,2657662,2219169
2019-01-07,72,52,8,7,4,1,2475406,1940965
2019-01-08,55,31,7,10,6,1,1253720,515105
2019-01-09,38,21,5,7,4,1,2278943,1805444
2019-01-10,58,35,8,8,5,2,1295612,789993
2019-01-11,60,40,8,8,3,1,1555588,1008345
2019-01-12,55,35,7,9,4,0,905066,481324
2019-01-13,44,24,6,11,2,1,2251475,1557452
2019-01-14,50,35,4,4,3,4,2409324,2088547
2019-01-15,49,26,10,7,2,4,1585185,972941
2019-01-16,57,28,6,17,5,1,2708518,1922947
2019-01-17,53,31,9,10,3,0,2361033,1607029
2019-01-18,46,32,8,5,1,0,2616203,2116818
2019-01-19,61,38,8,9,4,2,1856065,1395862
2019-01-20,66,40,11,9,4,2,2249283,1387500
2019-01-21,57,36,4,9,6,2,894123,312553
2019-01-22,59,39,8,8,1,3,2883759,2228951
2019-01-23,59,42,5,10,1,1,2439153,2096046
2019-01-24,42,32,5,5,0,0,2275692,1942712
2019-01-25,46,27,8,8,3,0,2000221,1444862
2019-01-26,60,38,9,10,3,0,2537356,1796329
2019-01-27,61,40,10,9,2,0,3184544,2352926
2019-01-28,61,33,10,11,4,3,1526568,846159
2019-01-29,46,33,7,3,3,0,2921629,2288161
2019-01-30,60,38,6,12,2,2,1645666,1181678
2019-01-31,50,28,6,9,6,1,2206553,1522445
2019-02-01,51,34,7,8,2,0,1704478,1249494
2019-02-02,49,32,10,3,3,1,2640488,2139350
2019-02-03,57,39,4,8,4,2,2100075,1686854
2019-02-04,57,36,7,11,2,1,1676755,1010318
2019-02-05,59,30,9,16,1,3,1482594,840247
2019-02-06,50,29,7,11,3,0,1486989,846722
2019-02-07,60,35,7,12,1,5,2195049,1604455
2019-02-08,56,35,9,9,2,1,1722607,1138264
2019-02-09,56,40,6,7,3,0,2089577,1597088
2019-02-10,59,39,4,10,6,0,2259444,1584091
2019-02-11,42,26,7,6,1,2,1885416,1160991
2019-02-12,54,30,10,10,2,2,1226860,418259
2019-02-13,44,27,3,12,1,1,1507256,909455
2019-02-14,62,39,8,8,5,2,1663714,971138
2019-02-15,63,36,8,13,5,1,2386786,1826351
2019-02-16,64,40,10,12,2,0,2265373,1490346
2019-02-17,65,42,6,14,1,2,2836960,1925960
2019-02-18,71,43,9,14,4,1,1944296,1368765
2019-02-19,65,32,11,12,6,4,1806686,788852
2019-02-20,62,39,8,10,5,0,1226449,760090
2019-02-21,68,42,6,16,1,3,1273792,711691
2019-02-22,76,44,14,15,0,3,2236580,1443209
2019-02-23,73,45,11,10,6,1,3339482,2383118
2019-02-24,72,41,11,14,3,3,2343192,1466085
2019-02-25,65,36,11,15,2,1,2364034,1548761
2019-02-26,52,27,12,9,3,1,1424911,578299
2019-02-27,53,30,2,19,1,1,1737230,910995
2019-02-28,56,33,6,12,1,4,1960670,1417121
2019-03-01,58,40,6,6,3,3,2682406,2161005
2019-03-02,61,34,12,12,2,1,1812544,1013580
2019-03-03,66,45,6,11,1,3,1754283,1059240
2019-03-04,56,35,6,11,3,1,1209669,631764
2019-03-05,68,40,11,12,3,2,2602160,1720874
2019-03-06,80,52,10,11,6,1,2353109,1360314
2019-03-07,58,39,6,9,3,1,1784169,1370719
2019-03-08,65,42,4,15,3,1,2491874,1740780
2019-03-09,74,48,14,9,2,1,3449010,2352261
2019-03-10,46,32,6,5,1,2,1260333,698929
2019-03-11,40,23,6,9,1,1,912526,509330
2019-03-12,47,33,8,5,0,1,3462056,2969275
2019-03-13,70,39,10,16,4,1,2710412,1964304
2019-03-14,62,35,9,12,3,3,1838041,1142726
2019-03-15,51,33,5,8,3,2,2733601,2217509
2019-03-16,51,29,9,11,1,1,1954865,1322216
2019-03-17,68,42,9,12,3,2,1848017,886031
2019-03-18,68,52,10,5,0,1,1802319,1295476
2019-03-19,70,39,13,12,4,2,2148078,1278044
2019-03-20,61,40,6,10,3,2,1521795,1126521
2019-03-21,64,42,5,12,4,1,2197895,1583323
2019-03-22,48,29,7,10,1,1,2037729,1368091
2019-03-23,58,31,12,12,1,2,3145827,2250838
2019-03-24,55,31,8,10,5,1,1046686,641687
2019-03-25,47,25,10,8,4,0,1547027,581800
2019-03-26,57,33,9,12,1,2,1699049,949423
2019-03-27,61,38,9,6,4,4,1276028,761454
2019-03-28,68,45,8,14,1,0,3604877,2942718
2019-03-29,87,45,13,20,7,2,3781967,2632187
2019-03-30,87,57,15,11,4,0,4149017,3111288
2019-03-31,60,39,8,7,4,2,2843179,2266301
2019-04-01,70,43,13,12,1,1,2058310,1071342
2019-04-02,46,25,6,10,3,2,1602753,1162177
2019-04-03,58,32,9,12,2,3,2237837,1699083
2019-04-04,53,35,4,10,1,3,1109395,624019
2019-04-05,69,41,9,16,2,1,2758910,1982435
2019-04-06,70,46,10,11,1,2,2245813,1462514
2019-04-07,61,41,9,8,2,1,2558461,1767947
2019-04-08,70,41,13,10,5,1,1663658,968474
2019-04-09,72,51,6,8,3,4,2730943,2272056
2019-04-10,52,29,8,12,3,0,1937877,1125214
2019-04-11,61,42,9,7,3,0,2825861,2288556
2019-04-12,62,37,7,13,4,1,2248393,1506460
2019-04-13,66,41,12,7,3,3,1798705,1172514
2019-04-14,49,28,7,12,1,1,1549211,1015514
2019-04-15,75,40,7,21,4,3,2680297,1549587
2019-04-16,70,38,14,11,5,2,2704268,1716065
2019-04-17,69,39,9,15,4,2,4156952,3170336
2019-04-18,81,47,9,21,3,1,3501985,2637718
2019-04-19,85,57,11,14,2,1,3845691,2971950
2019-04-20,80,48,12,15,3,2,3229651,2275844
2019-04-21,76,41,12,16,4,3,2493399,1700031
2019-04-22,86,46,19,19,0,2,4713055,3027693
2019-04-23,67,40,7,17,1,2,2976871,2227717
2019-04-24,59,34,14,7,3,1,1877117,1116454
2019-04-25,72,46,10,12,2,2,1703240,1104716
2019-04-26,65,38,11,13,2,1,2461199,1431885
2019-04-27,91,58,12,13,6,2,3717990,2859488
2019-04-28,73,42,11,13,5,2,4111980,3222397
2019-04-29,94,52,15,19,4,4,3507774,2317026
2019-04-30,54,33,6,11,2,2,2474440,1849085
2019-05-01,81,51,7,19,3,1,2377669,1743576
2019-05-02,77,46,10,12,7,2,3136919,2372706
2019-05-03,90,46,17,19,7,1,3605137,2458929
2019-05-04,63,41,8,10,3,1,4469443,3518777
2019-05-05,54,30,11,11,2,0,2559486,1599252
2019-05-06,66,37,8,18,1,2,3079015,2150731
2019-05-07,73,49,9,8,4,3,2447254,1962989
2019-05-08,87,50,15,19,2,1,3555134,2724319
2019-05-09,81,44,14,16,6,1,2968075,2147060
2019-05-10,60,40,10,10,0,0,1948875,1293036
2019-05-11,81,50,14,16,0,1,3062089,1988602
2019-05-12,85,57,11,11,4,2,3211844,2567430
2019-05-13,76,47,11,14,2,2,3079895,2383458
2019-05-14,58,28,14,10,4,2,2425846,1697004
2019-05-15,70,47,6,16,0,1,3615269,2828230
2019-05-16,82,58,8,14,1,1,3565621,2918123
2019-05-17,88,47,14,20,4,3,3553207,2419184
2019-05-18,84,51,14,16,0,3,3499055,2489789
2019-05-19,64,42,9,7,4,2,3096972,2645047
2019-05-20,77,48,11,14,0,4,3111948,2342200
2019-05-21,55,35,7,10,1,2,3426944,2793845
2019-05-22,59,35,9,9,4,2,1928053,1349228
2019-05-23,66,43,7,10,5,1,2516910,2121730
2019-05-24,75,42,14,11,5,3,2400414,1465014
2019-05-25,86,52,16,16,1,1,4359075,2939998
2019-05-26,80,54,9,15,1,1,3383356,2367234
2019-05-27,85,53,15,14,2,1,4474047,3161050
2019-05-28,75,43,14,10,6,2,2380700,1692234
2019-05-29,89,50,12,22,4,1,3072549,2039626
2019-05-30,90,58,13,16,2,1,3398917,2640169
2019-05-31,82,49,14,16,3,0,2853296,1649583
2019-06-01,56,36,6,11,1,2,2189965,1417288
2019-06-02,79,50,11,13,4,1,3196405,2272259
2019-06-03,84,55,14,9,4,2,4967927,4071825
2019-06-04,93,60,8,19,3,3,3255309,2381885
2019-06-05,85,53,10,17,4,1,2768040,1879902
2019-06-06,73,38,16,17,2,0,1279838,425477
2019-06-07,77,44,14,14,5,0,4612564,3407731
2019-06-08,84,46,15,17,3,3,3967017,2764728
2019-06-09,75,45,8,14,4,4,1878385,1192375
2019-06-10,97,57,13,23,1,3,3904993,3023499
2019-06-11,81,47,8,17,5,4,3342549,2655706
2019-06-12,67,46,6,13,0,2,2864361,2357276
2019-06-13,65,41,10,8,5,1,2473256,1862675
2019-06-14,80,45,12,22,0,1,3090191,2054180
2019-06-15,85,49,18,15,2,1,4421501,3203898
2019-06-16,97,69,16,8,4,0,5078621,4245394
2019-06-17,74,47,10,15,1,1,3511412,2192748
2019-06-18,75,43,11,18,2,1,4214665,2967846
2019-06-19,81,51,10,16,0,4,2246697,1231263
2019-06-20,77,45,11,13,5,3,2234391,1486181
2019-06-21,77,42,14,17,1,3,3817405,2648921
2019-06-22,86,50,14,14,6,2,2759015,1545248
2019-06-23,70,43,12,10,4,1,3615975,2521295
2019-06-24,102,69,11,15,3,4,3619055,2657916
2019-06-25,93,63,15,12,3,0,4669001,3645780
2019-06-26,81,51,10,13,5,2,3947203,3106980
2019-06-27,86,51,15,14,5,1,3008855,2053476
2019-06-28,79,45,13,16,3,2,3935278,2810390
2019-06-29,84,57,10,9,8,0,2582091,1812900
2019-06-30,99,53,21,20,3,2,4398355,3022622
2019-07-01,90,56,15,14,2,3,3652712,2697110
2019-07-02,73,37,14,9,11,2,2147383,1462444
2019-07-03,102,65,12,18,4,3,3900206,2946298
2019-07-04,99,48,22,25,3,1,5329182,3519533
2019-07-05,102,62,12,19,4,5,5092279,3891337
2019-07-06,103,59,18,20,5,1,2812539,1711922
2019-07-07,86,46,15,20,3,2,3203858,2093153
2019-07-08,79,46,12,13,6,2,2501387,1803162
2019-07-09,91,56,10,17,6,2,2674165,2037901
2019-07-10,75,42,12,18,0,3,3427078,2620994
2019-07-11,86,50,12,17,3,4,2976407,2072698
2019-07-12,96,57,17,12,9,1,4203436,3294508
2019-07-13,91,57,15,15,2,2,4068567,2809206
2019-07-14,77,40,11,17,7,2,3030968,1998625
2019-07-15,87,46,15,18,6,2,3367816,2102855
2019-07-16,77,47,8,14,5,3,3277788,2442434
2019-07-17,76,47,14,10,2,3,2975699,2165205
2019-07-18,69,40,10,13,4,2,2272617,1685186
2019-07-19,70,44,13,8,5,0,2658624,2065696
2019-07-20,80,39,17,14,8,2,3585651,2539643
2019-07-21,87,54,11,14,4,4,3045641,2176215
2019-07-22,83,46,20,11,0,6,3330730,2583562
2019-07-23,71,47,6,15,3,0,3704115,2649431
2019-07-24,67,47,10,5,3,2,3159427,2485801
2019-07-25,90,53,16,14,4,3,3335310,2267083
2019-07-26,73,44,14,10,4,1,3689621,2807478
2019-07-27,61,38,11,9,2,1,1888771,1280229
2019-07-28,74,46,14,10,3,1,2701266,1926540
2019-07-29,82,45,13,20,3,1,3617209,2320599
2019-07-30,76,43,10,19,3,1,2748971,1806784
2019-07-31,74,42,14,14,0,4,3853370,2949083
2019-08-01,84,54,12,13,2,3,2774615,1934992
2019-08-02,84,48,15,14,4,3,3150008,2109404
2019-08-03,89,55,13,12,5,4,4148661,2924440
2019-08-04,93,59,13,13,6,2,3147067,2600073
2019-08-05,65,42,10,11,1,1,2375421,1714567
2019-08-06,86,52,16,16,0,2,3402117,2540766
2019-08-07,93,53,14,19,5,2,3588808,2439662
2019-08-08,84,53,9,10,7,5,3299538,2696775
2019-08-09,79,43,12,19,4,1,3996054,2914046
2019-08-10,88,58,8,20,1,1,3775150,2865393
2019-08-11,76,39,16,15,5,1,3262370,2251066
2019-08-12,78,45,15,14,3,1,3148936,2037012
2019-08-13,75,50,12,11,1,1,2977582,2360768
2019-08-14,79,50,14,12,2,1,3200259,2218088
2019-08-15,73,39,12,17,3,2,3584369,2562268
2019-08-16,68,46,11,8,2,1,3142548,2253126
2019-08-17,80,50,14,11,4,1,3483514,2646207
2019-08-18,86,55,10,13,6,2,3504144,2675883
2019-08-19,80,48,15,14,1,2,3083685,2238762
2019-08-20,59,35,11,9,1,3,3081175,2271474
2019-08-21,87,57,8,18,2,2,3010054,2135314
2019-08-22,64,40,10,11,3,0,2517164,1898292
2019-08-23,75,41,11,15,5,3,3245621,2136123
2019-08-24,83,46,20,14,2,1,3887589,2698760
2019-08-25,80,44,17,12,2,5,4154853,3191174
2019-08-26,85,54,12,13,4,2,2796540,1857617
2019-08-27,77,44,14,15,3,1,3274189,2425568
2019-08-28,68,46,9,12,0,1,3414587,2634039
2019-08-29,88,52,14,12,10,0,3845519,2920533
2019-08-30,82,51,11,14,5,1,2931810,2060171
2019-08-31,64,42,11,8,1,2,2892543,2120342
2019-09-01,76,41,17,14,3,1,2705598,1858579
2019-09-02,81,47,11,18,4,1,3641829,2452522
2019-09-03,63,32,16,12,1,2,3544077,2669959
2019-09-04,81,44,14,21,1,1,3989332,3080643
2019-09-05,81,49,11,16,3,2,3488864,2550205
2019-09-06,84,52,9,17,5,1,3846572,2818898
2019-09-07,78,46,12,11,7,2,2890857,1947167
2019-09-08,72,36,16,13,2,5,2716062,1876328
2019-09-09,74,52,10,9,2,1,3175756,2535365
2019-09-10,78,42,10,17,6,3,3692391,2863745
2019-09-11,72,43,14,10,4,1,2336636,1248453
2019-09-12,81,53,14,11,2,1,3377962,2744257
2019-09-13,81,51,15,10,4,1,3492090,2572528
2019-09-14,97,53,16,18,6,4,4217037,3252541
2019-09-15,67,38,12,15,1,1,2698198,1764877
2019-09-16,89,47,20,14,2,6,3274458,2034286
2019-09-17,75,44,10,15,5,1,2312173,1325944
2019-09-18,85,63,9,11,1,1,3596444,3003317
2019-09-19,73,47,9,11,3,3,3208646,2745102
2019-09-20,81,47,10,19,4,1,2561075,1513001
2019-09-21,82,47,15,15,3,2,4169271,3165880
2019-09-22,71,41,11,16,1,2,2272352,1805822
2019-09-23,78,43,17,10,5,3,2813503,1995314
2019-09-24,76,43,12,15,2,4,2578746,1627137
2019-09-25,58,33,12,11,1,1,2365927,1621049
2019-09-26,80,49,12,14,3,2,3121665,2355048
2019-09-27,74,47,7,16,4,0,3524594,2592967
2019-09-28,85,47,14,22,1,1,2992250,2101482
2019-09-29,97,59,21,13,4,0,3847973,2430447
2019-09-30,74,49,9,12,1,3,2746898,1976483
2019-10-01,79,51,15,12,0,1,2303246,1598125
2019-10-02,69,40,11,14,3,1,3889386,3050531
2019-10-03,56,34,10,8,1,3,2869551,2143308
2019-10-04,49,37,5,4,3,0,2492701,2106280
2019-10-05,75,44,13,11,4,3,3180401,2387086
2019-10-06,61,35,13,11,2,0,2552245,1568176
2019-10-07,64,44,8,6,5,1,2069372,1469025
2019-10-08,60,35,8,11,2,4,2404867,1934676
2019-10-09,68,42,8,10,3,5,3012985,2620992
2019-10-10,69,45,11,11,1,1,2950121,2347589
2019-10-11,66,49,9,5,2,1,3260227,2862491
2019-10-12,68,32,17,15,3,1,2631075,1800615
2019-10-13,69,45,13,7,2,2,2864577,2160944
2019-10-14,86,50,16,13,4,3,3661965,2403371
2019-10-15,98,59,11,20,5,3,3198443,2340688
2019-10-16,89,57,12,16,2,2,4043487,3257073
2019-10-17,94,62,12,12,6,2,3499025,2780829
2019-10-18,67,37,8,14,4,4,3735648,2865887
2019-10-19,79,50,11,14,3,1,3250180,2527504
2019-10-20,89,49,20,19,0,1,3312662,1961459
2019-10-21,74,45,12,11,3,3,3328698,2452771
2019-10-22,66,37,11,16,1,1,2016933,1171899
2019-10-23,75,45,13,7,8,2,3182452,2521811
2019-10-24,88,54,10,17,5,2,3365102,2882488
2019-10-25,71,43,13,11,2,2,2738231,1951455
2019-10-26,90,55,15,14,3,3,3724008,2906968
2019-10-27,67,36,11,15,1,4,3493785,2315365
2019-10-28,76,43,12,16,4,1,3360867,2724079
2019-10-29,64,42,8,10,4,0,3105979,2374294
2019-10-30,90,60,10,17,1,2,2978917,1994362
2019-10-31,62,39,10,10,2,1,2464430,1797824
2019-11-01,69,43,10,10,5,1,3044613,2356759
2019-11-02,67,40,11,9,3,4,1314529,458584
2019-11-03,50,31,8,8,1,2,2318267,1935237
2019-11-04,64,40,10,10,3,1,3447101,2525665
2019-11-05,69,33,11,16,6,3,3544465,2282766
2019-11-06,58,38,9,10,0,1,2748500,2052174
2019-11-07,69,39,12,8,4,6,2768121,1990345
2019-11-08,77,48,10,12,6,1,3297667,2412803
2019-11-09,62,36,12,7,5,2,2643769,2063653
2019-11-10,49,31,9,8,0,1,2570923,1757844
2019-11-11,61,43,6,8,2,2,2094504,1472131
2019-11-12,60,43,6,10,1,0,1510886,784577
2019-11-13,66,38,12,10,5,1,2113035,1320308
2019-11-14,47,26,10,6,3,2,1088947,409224
2019-11-15,39,22,8,6,2,1,1764691,1081749
2019-11-16,52,31,5,10,4,2,1833069,1294517
2019-11-17,55,35,9,9,0,2,992775,387340
2019-11-18,43,20,6,12,3,2,1539044,723492
2019-11-19,47,27,10,8,1,1,1449590,948883
2019-11-20,53,34,6,9,2,2,1363605,838877
2019-11-21,47,31,5,9,1,1,770476,351676
2019-11-22,45,27,10,6,1,1,1339744,612472
2019-11-23,62,42,8,6,3,3,2003352,1588825
2019-11-24,53,35,6,10,1,1,1559124,957580
2019-11-25,48,31,3,8,2,4,1099565,754161
2019-11-26,53,36,2,12,1,2,1154117,759712
2019-11-27,61,36,10,12,2,1,1801461,955628
2019-11-28,58,42,4,8,3,1,1992505,1528589
2019-11-29,54,37,2,10,5,0,1287504,850128
2019-11-30,55,39,5,7,4,0,2064252,1740179
2019-12-01,48,26,10,8,4,0,1253336,656565
2019-12-02,56,38,4,10,1,3,2081837,1700278
2019-12-03,56,37,11,5,1,2,1762608,1440368
2019-12-04,55,34,8,12,1,0,2160540,1577977
2019-12-05,45,31,7,4,2,1,614328,314950
2019-12-06,37,20,4,9,3,1,1123276,482185
2019-12-07,44,30,5,8,0,1,1290191,804813
2019-12-08,56,38,7,8,1,2,2110030,1422352
2019-12-09,48,30,8,8,2,0,1232166,558535
2019-12-10,46,27,6,11,2,0,2539002,1725989
2019-12-11,51,29,8,9,4,1,1846564,1359005
2019-12-12,52,35,7,5,4,1,1967439,1573082
2019-12-13,55,39,6,7,2,1,2628065,1914887
2019-12-14,64,42,6,14,1,1,2470717,1992062
2019-12-15,70,41,11,9,6,3,2799000,1992952
2019-12-16,54,34,6,12,1,1,2020829,1647768
2019-12-17,53,36,7,7,1,2,1728422,1257493
2019-12-18,62,36,8,12,4,2,1637071,960329
2019-12-19,56,37,10,6,2,1,1608891,1025971
2019-12-20,60,44,5,6,4,1,1219665,694702
2019-12-21,55,27,10,12,3,3,1811123,997972
2019-12-22,62,38,9,12,3,0,2229455,1482057
2019-12-23,62,37,10,10,2,3,1439643,714849
2019-12-24,78,42,11,19,4,2,2114420,1082782
2019-12-25,78,41,8,18,8,3,1555371,645851
2019-12-26,76,48,8,16,3,1,2217956,1420075
2019-12-27,42,26,6,8,1,1,794715,182135
2019-12-28,72,44,11,9,5,3,2487246,1752749
2019-12-29,52,29,7,14,1,1,2116729,1448796
2019-12-30,66,42,7,8,5,4,2069335,1486662
2019-12-31,60,41,6,9,3,1,2936522,2470549
2020-01-01,76,55,9,9,2,1,2353873,1988711
2020-01-02,67,40,15,9,3,0,3157227,2424528
2020-01-03,69,42,8,16,0,3,2188805,1344298
2020-01-04,59,40,7,8,3,1,2443955,1932775
2020-01-05,74,43,13,13,4,1,3197831,2289206
2020-01-06,56,30,10,11,2,3,1923932,1187729
2020-01-07,62,46,5,5,4,2,1100856,646317
2020-01-08,42,22,11,4,4,1,832668,323119
2020-01-09,57,29,10,16,2,0,1770744,660055
2020-01-10,58,39,5,6,6,2,1088533,789236
2020-01-11,70,43,10,14,2,1,2089474,1314894
2020-01-12,54,31,8,9,4,2,983194,518774
2020-01-13,58,24,9,18,3,4,1363360,430881
2020-01-14,59,30,12,10,6,1,1494967,541344
2020-01-15,58,35,6,15,1,1,1116547,581605
2020-01-16,37,24,7,6,0,0,720673,202587
2020-01-17,69,40,12,11,4,2,1789812,1175153
2020-01-18,56,33,9,9,4,1,1798309,1028924
2020-01-19,63,35,8,14,4,2,1925142,1311930
2020-01-20,59,38,9,9,2,1,2018953,1550966
2020-01-21,60,27,11,18,3,1,2033968,946433
2020-01-22,59,34,10,11,2,2,1734501,941668
2020-01-23,56,32,12,11,1,0,1570420,976627
2020-01-24,66,42,10,8,5,1,1714409,1074055
2020-01-25,70,37,14,14,3,2,2764147,1651130
2020-01-26,71,45,11,8,5,2,2650978,1863795
2020-01-27,51,34,9,5,2,1,1152652,684174
2020-01-28,51,31,7,11,2,0,1768588,855530
2020-01-29,52,28,7,11,5,1,1578435,1092246
2020-01-30,65,39,12,9,5,0,2529451,1904944
2020-01-31,67,44,10,9,1,3,2504516,1869234
2020-02-01,63,39,10,10,3,1,2311628,1417157
2020-02-02,53,37,6,10,0,0,1643182,1182266
2020-02-03,65,45,8,9,0,3,2868773,2454589
2020-02-04,71,42,17,7,3,2,1637029,680144
2020-02-05,67,38,7,20,2,0,1752008,778398
2020-02-06,64,38,11,12,3,0,3210686,2547562
2020-02-07,71,43,8,19,0,1,3084453,2345476
2020-02-08,74,51,13,9,1,0,3890429,3112680
2020-02-09,43,25,6,6,5,1,1762949,1270054
2020-02-10,45,26,5,11,1,2,1305262,768755
2020-02-11,61,38,4,12,6,1,1818798,1329071
2020-02-12,53,32,11,7,2,1,1172868,456426
2020-02-13,39,18,7,14,0,0,739132,247856
2020-02-14,45,24,4,11,4,2,1049732,463522
2020-02-15,54,35,12,4,3,0,2467751,1607406
2020-02-16,58,29,9,9,10,1,1683346,1140080
2020-02-17,88,52,11,19,2,4,3814824,2767646
2020-02-18,74,39,12,16,6,1,2475448,1442114
2020-02-19,57,35,10,8,2,2,3150171,2596577
2020-02-20,84,53,6,20,5,0,3276736,2601752
2020-02-21,61,32,12,12,3,2,1852165,1135716
2020-02-22,55,31,8,9,4,3,3132894,2733823
2020-02-23,64,46,7,8,3,0,2219854,1466615
2020-02-24,62,36,5,11,5,5,2862250,2092123
2020-02-25,71,33,18,12,7,1,2566413,1680221
2020-02-26,61,43,6,7,4,1,1803900,1373965
2020-02-27,30,18,5,4,2,1,716314,514230
2020-02-28,62,40,10,11,1,0,1628513,882775
2020-02-29,75,43,11,14,5,2,3198675,2550798
2020-03-01,51,33,9,5,2,2,2098912,1674727
2020-03-02,76,47,7,17,3,2,4119297,3336031
2020-03-03,69,41,9,14,4,1,1908775,1548048
2020-03-04,44,29,5,5,2,3,1870256,1457336
2020-03-05,49,27,6,14,0,2,1717260,954942
2020-03-06,55,35,6,9,3,2,1664360,994516
2020-03-07,58,38,9,8,3,0,2971995,2570398
2020-03-08,81,53,8,15,3,2,2386344,1609368
2020-03-09,51,32,8,9,1,1,2259333,1535556
2020-03-10,49,37,3,7,2,0,2273436,1909210
2020-03-11,58,33,9,10,4,2,1699944,1183818
2020-03-12,60,40,9,8,3,0,3597691,2966855
2020-03-13,71,43,8,15,3,2,2636669,1787267
2020-03-14,77,51,13,9,2,2,3914249,3057265
2020-03-15,45,27,8,6,0,4,1533382,1102372
2020-03-16,41,22,7,9,1,2,1779939,1057684
2020-03-17,57,40,8,5,3,1,2716500,2300979
2020-03-18,61,38,12,7,3,1,1769589,1190879
2020-03-19,54,31,11,9,2,1,2607855,1934466
2020-03-20,58,38,7,10,2,1,2583677,2077056
2020-03-21,58,41,7,6,3,1,2723367,2034501
2020-03-22,58,36,13,5,3,1,1695159,1117800
2020-03-23,52,32,7,8,2,3,1387222,967365
2020-03-24,48,27,9,8,2,2,1776521,831255
2020-03-25,54,29,7,14,3,1,1341415,679900
2020-03-26,70,44,8,14,3,1,3354431,2566135
2020-03-27,47,30,6,9,2,0,1680994,1204831
2020-03-28,71,42,12,12,3,2,2985170,2118572
2020-03-29,43,31,3,7,1,1,1909552,1655761
2020-03-30,58,37,10,5,3,3,1697779,1112783
2020-03-31,61,38,5,12,3,3,2294547,1528259
2020-04-01,55,33,8,10,3,1,3172330,2490083
2020-04-02,78,49,13,11,5,0,3606612,2763003
2020-04-03,77,48,13,11,3,2,3654048,2928895
2020-04-04,61,38,8,10,1,4,2551015,1920097
2020-04-05,85,57,10,13,5,0,4237976,3865969
2020-04-06,81,51,13,12,2,3,3774919,2617130
2020-04-07,77,41,13,17,4,2,2006604,1014140
2020-04-08,85,47,18,12,7,1,3448630,2522187
2020-04-09,77,47,12,14,2,2,4405188,3668175
2020-04-10,70,44,9,11,5,1,2132245,1469385
2020-04-11,76,46,10,15,2,3,4273855,2981307
2020-04-12,70,48,7,13,1,1,3798713,2846843
2020-04-13,66,45,12,8,0,1,2949851,2430689
2020-04-14,51,32,1,15,2,1,3103085,2606017
2020-04-15,56,31,9,11,3,2,1933367,1076004
2020-04-16,67,49,7,9,2,0,2309347,1807543
2020-04-17,64,41,9,8,3,3,3298981,2495754
2020-04-18,68,42,17,8,0,1,2807005,1850565
2020-04-19,73,45,10,16,1,1,3689751,2732440
2020-04-20,65,43,9,10,2,1,3312756,2601499
2020-04-21,76,55,5,10,4,2,3874734,3306083
2020-04-22,58,30,10,9,7,2,1064950,238218
2020-04-23,70,46,10,8,3,3,2508476,1757547
2020-04-24,77,51,11,11,1,3,3784604,3041014
2020-04-25,73,50,6,9,7,1,2933410,2178554
2020-04-26,73,47,8,14,4,0,3169176,2467393
2020-04-27,68,46,8,7,5,2,2087069,1725397
2020-04-28,86,50,11,15,8,2,3345545,2281322
2020-04-29,62,37,14,8,3,0,2752872,2153604
2020-04-30,65,33,10,12,8,2,2786358,2053022
2020-05-01,66,39,6,11,4,6,4341686,3958899
2020-05-02,77,53,9,11,4,0,4489785,3855177
2020-05-03,71,44,14,11,2,0,4102119,2890254
2020-05-04,93,60,16,9,7,1,3755419,3124356
2020-05-05,66,40,12,11,1,2,3030298,2179256
2020-05-06,98,60,15,17,5,1,5298818,3773162
2020-05-07,83,46,12,19,5,1,2141321,1293736
2020-05-08,85,55,11,11,4,4,3845449,2874267
2020-05-09,84,49,13,19,2,1,3540650,2393375
2020-05-10,81,39,13,17,8,4,2598450,1737216
2020-05-11,91,56,13,16,3,3,4542848,3604348
2020-05-12,78,53,13,8,2,2,2996982,2357620
2020-05-13,80,51,10,12,3,4,3125903,2341268
2020-05-14,96,59,17,13,3,4,3737214,2570918
2020-05-15,75,46,9,15,4,1,3625408,2630845
2020-05-16,89,58,12,13,5,1,3732244,2698053
2020-05-17,83,47,11,17,7,1,3545348,2423074
2020-05-18,61,41,13,5,2,0,2831793,2233789
2020-05-19,88,53,14,15,2,4,3772922,2709424
2020-05-20,86,44,17,15,6,4,3599848,2307759
2020-05-21,85,53,12,16,2,2,4690123,4084718
2020-05-22,58,37,11,6,2,2,3209578,2448218
2020-05-23,85,48,14,15,5,3,2978465,1547009
2020-05-24,66,42,10,10,3,1,2709529,2173854
2020-05-25,74,41,11,14,7,1,2218125,1272705
2020-05-26,86,51,14,15,3,3,3546996,2466096
2020-05-27,77,47,8,12,6,4,2884297,2099657
2020-05-28,81,51,16,10,3,1,2806880,2222845
2020-05-29,78,52,9,14,1,2,3807829,3077328
2020-05-30,76,41,13,16,4,2,2551986,1442424
2020-05-31,89,55,17,12,5,0,4403819,3277094
2020-06-01,77,46,12,14,3,2,3573789,2434904
2020-06-02,91,55,12,18,3,3,3526747,2426621
2020-06-03,84,49,18,12,4,1,3553939,2702550
2020-06-04,98,65,12,13,6,2,4393268,3809429
2020-06-05,80,44,11,15,6,4,3268129,2427333
2020-06-06,76,48,11,14,2,1,3313690,2679981
2020-06-07,78,47,14,14,1,2,2772743,1868224
2020-06-08,72,44,9,13,3,3,2827463,2004806
2020-06-09,85,52,14,11,7,1,3074814,2323696
2020-06-10,93,56,19,11,5,2,4684134,3537632
2020-06-11,84,51,12,12,5,4,2626920,1960405
2020-06-12,88,54,17,10,5,2,4121304,3190379
2020-06-13,81,51,13,15,1,1,3057909,2436340
2020-06-14,97,59,14,17,6,1,3736085,2784261
2020-06-15,78,45,14,15,2,2,2911126,1961867
2020-06-16,86,50,17,12,7,0,2850217,2015063
2020-06-17,95,54,22,13,6,0,3352442,2238221
2020-06-18,77,51,9,13,3,1,3589698,2681114
2020-06-19,98,47,25,16,7,3,4284676,2965987
2020-06-20,87,57,13,10,4,3,3142497,2137578
2020-06-21,88,58,14,11,3,2,3625278,2826314
2020-06-22,96,65,12,13,5,1,3915276,2701263
2020-06-23,82,55,9,12,3,3,2690311,2032641
2020-06-24,83,46,16,14,5,2,3338471,2283656
2020-06-25,75,45,11,11,5,3,3167643,2526001
2020-06-26,97,69,11,13,2,2,4083571,3474632
2020-06-27,83,53,14,12,4,0,2219217,1306790
2020-06-28,71,41,14,11,3,2,2441216,1496119
2020-06-29,99,60,19,14,5,1,2768133,1573780
2020-06-30,93,55,13,17,8,0,2686534,1624856
2020-07-01,70,37,14,12,4,3,2968218,2014081
2020-07-02,69,40,12,10,5,2,2525206,1721825
2020-07-03,89,55,14,15,5,0,3994829,2888327
2020-07-04,81,43,14,19,3,2,4051696,3167920
2020-07-05,89,56,13,11,8,1,2894941,2259157
2020-07-06,73,43,13,13,3,1,3147401,2093883
2020-07-07,104,70,13,12,8,1,4634021,3693333
2020-07-08,70,41,15,9,4,1,2492461,1581283
2020-07-09,82,47,20,14,1,0,3004985,1953259
2020-07-10,80,51,9,13,4,3,3860767,2767271
2020-07-11,93,63,10,13,5,2,4583870,3918150
2020-07-12,80,51,15,11,3,0,3201349,2535302
2020-07-13,86,47,15,17,4,3,3154407,2313395
2020-07-14,86,54,11,16,3,2,3827977,2846631
2020-07-15,72,45,12,14,1,0,3642474,2740548
2020-07-16,83,57,12,9,4,1,3090535,2358881
2020-07-17,81,54,8,12,6,1,3556682,2561547
2020-07-18,90,55,13,18,3,1,3372147,2325879
2020-07-19,71,44,10,14,3,0,2104456,1567599
2020-07-20,95,60,15,15,3,2,3749566,2438701
2020-07-21,72,49,10,8,5,0,2966875,2561426
2020-07-22,74,44,10,12,5,3,2055168,1346806
2020-07-23,67,45,14,7,0,1,2858245,2327674
2020-07-24,94,62,7,19,4,2,3608168,2908969
2020-07-25,91,58,15,12,5,1,3529912,2809349
2020-07-26,98,56,19,14,7,2,3080760,1983340
2020-07-27,96,61,13,16,3,3,3132659,2107720
2020-07-28,78,55,7,10,4,2,3418933,2743651
2020-07-29,87,44,24,15,3,1,3591964,2232111
2020-07-30,95,65,9,14,5,2,4134131,3141525
2020-07-31,93,60,13,13,4,3,3293277,2500762
2020-08-01,80,51,9,13,6,1,2782363,2087924
2020-08-02,88,52,17,15,2,2,3512999,2311696
2020-08-03,90,59,11,16,4,0,3857556,2926889
2020-08-04,98,63,18,13,2,2,4052197,3009901
2020-08-05,84,52,10,16,4,2,4482354,3583615
2020-08-06,99,60,21,13,3,2,3433353,2282850
2020-08-07,87,54,11,13,7,2,4942362,3876156
2020-08-08,78,57,6,12,3,0,3337421,2639533
2020-08-09,86,52,18,11,4,1,2596786,1851121
2020-08-10,75,46,11,11,5,2,2260364,1312711
2020-08-11,78,52,10,13,2,1,3686883,2848697
2020-08-12,86,59,11,14,2,0,3264943,2379138
2020-08-13,85,49,16,12,5,3,3413430,2439258
2020-08-14,93,55,11,22,5,0,3768429,2742871
2020-08-15,117,76,11,22,7,1,4070864,3088932
2020-08-16,85,57,16,8,2,2,4311668,3675894
2020-08-17,80,43,13,16,6,2,2519190,1431769
2020-08-18,96,60,17,10,7,2,4138268,3176628
2020-08-19,85,51,13,16,3,2,3235683,2155953
2020-08-20,104,59,17,21,4,3,4375121,3312225
2020-08-21,67,43,12,8,4,0,2239222,1481148
2020-08-22,72,45,9,15,3,0,3696630,2764625
2020-08-23,88,55,15,15,3,0,2961321,2064371
2020-08-24,65,43,9,12,1,0,1905937,1290965
2020-08-25,74,56,6,10,2,0,2808414,2289426
2020-08-26,65,42,8,12,3,0,3066328,2033780
2020-08-27,76,41,10,14,6,5,2361740,1436519
2020-08-28,74,38,16,17,3,0,3369894,2168011
2020-08-29,83,44,17,16,3,3,3339635,2046014
2020-08-30,84,47,12,17,5,3,2824900,1832276
2020-08-31,77,43,15,14,4,1,3468393,2644297
2020-09-01,86,54,17,10,2,3,3792409,2638977
2020-09-02,81,43,15,20,3,0,3279033,1992833
2020-09-03,87,46,13,17,8,3,3202350,2125030
2020-09-04,80,57,10,9,3,1,4124183,3449817
2020-09-05,82,52,12,13,2,3,2405899,1618398
2020-09-06,91,46,23,17,3,2,3133451,1871421
2020-09-07,102,59,19,23,1,0,3427923,2014117
2020-09-08,84,52,13,15,2,2,2789957,1940393
2020-09-09,95,51,13,23,5,3,4240125,2929609
2020-09-10,86,42,19,17,5,3,3831165,2688601
2020-09-11,93,61,6,17,5,4,3313938,2173240
2020-09-12,99,55,17,17,8,2,4371762,3534206
2020-09-13,91,62,9,16,2,2,3775432,2923009
2020-09-14,67,40,13,13,1,0,1922839,1220274
2020-09-15,69,45,11,11,2,0,3078350,2319560
2020-09-16,91,51,14,17,7,2,3016667,1885171
2020-09-17,94,55,20,14,4,1,4774606,3937886
2020-09-18,84,50,18,11,4,1,2782489,1963906
2020-09-19,92,43,19,24,6,0,2343761,1215195
2020-09-20,91,57,15,11,5,3,3369708,2693384
2020-09-21,106,53,23,22,7,1,4357588,2552761
2020-09-22,95,54,14,21,5,1,3143775,2260655
2020-09-23,77,47,11,14,3,2,3337624,2611093
2020-09-24,93,57,16,14,3,3,3674436,2338522
2020-09-25,101,60,17,18,4,2,4027630,2817983
2020-09-26,83,41,19,20,2,1,3243039,1796742
2020-09-27,112,66,18,23,4,1,4588308,2887670
2020-09-28,91,40,21,18,11,1,2842150,1779861
2020-09-29,72,41,11,12,7,1,2698752,1891190
2020-09-30,94,53,20,16,5,0,3265327,2032495
2020-10-01,88,52,15,14,5,2,3391964,2489704
2020-10-02,90,54,13,17,2,4,3389516,2590432
2020-10-03,107,65,17,20,2,3,5242568,4027033
2020-10-04,88,52,12,18,4,2,2058701,1203023
2020-10-05,88,49,17,18,3,1,4019542,2684992
2020-10-06,100,72,11,12,5,0,3580675,2795373
2020-10-07,100,60,16,16,6,2,3576714,2456157
2020-10-08,108,62,22,15,6,3,3869408,2726675
2020-10-09,88,52,10,22,4,0,4172730,3185554
2020-10-10,86,47,11,22,6,0,2671557,1676558
2020-10-11,68,40,10,15,3,0,2386924,1577014
2020-10-12,77,44,15,15,1,2,2492197,1452391
2020-10-13,63,37,15,10,1,0,2584697,1643005
2020-10-14,60,40,9,11,0,0,2046438,1209036
2020-10-15,95,68,9,14,2,2,3955559,3484670
2020-10-16,72,44,12,15,0,1,3412333,2625611
2020-10-17,78,43,10,20,3,2,3479932,2493052
2020-10-18,83,57,8,9,3,6,2950569,2406624
2020-10-19,71,42,11,12,5,1,3145668,2326438
2020-10-20,86,50,10,16,9,1,2796194,1859726
2020-10-21,92,60,18,11,2,1,4390647,2842377
2020-10-22,89,53,13,16,4,3,3394614,2528002
2020-10-23,99,55,13,23,4,4,3858189,2346930
2020-10-24,97,59,14,17,5,2,2876512,1937829
2020-10-25,75,45,8,16,3,3,3188985,2296556
2020-10-26,90,53,12,18,5,2,3670840,2355158
2020-10-27,90,55,13,15,5,2,2307948,1550429
2020-10-28,94,57,19,13,2,3,2400356,1658470
2020-10-29,77,45,14,15,2,1,3149937,2259255
2020-10-30,90,58,9,17,4,2,3419689,2361486
2020-10-31,86,44,17,18,6,1,3870320,2633204
2020-11-01,86,51,17,11,6,1,4751706,3766666
2020-11-02,85,55,12,12,4,2,3362307,2508706
2020-11-03,83,52,13,11,4,3,3934379,3072625
2020-11-04,81,47,13,19,2,0,3496362,2680839
2020-11-05,88,49,16,16,3,4,3273413,2102578
2020-11-06,61,34,13,12,0,2,1400078,580007
2020-11-07,61,42,9,9,1,0,2594719,2235242
2020-11-08,57,41,7,8,1,0,2727054,2100018
2020-11-09,66,43,10,9,4,0,2797170,2197319
2020-11-10,89,59,11,14,3,2,2727189,1997074
2020-11-11,93,55,15,18,4,1,3820503,2881938
2020-11-12,71,49,8,10,2,2,1663577,960961
2020-11-13,53,31,6,14,0,2,2122201,1135696
2020-11-14,60,35,11,12,2,0,2186315,1371598
2020-11-15,53,30,9,11,3,0,1192495,455472
2020-11-16,49,27,9,13,0,0,1376275,715837
2020-11-17,64,42,9,11,1,1,2150440,1715650
2020-11-18,54,34,5,7,4,4,1758191,963418
2020-11-19,59,34,8,13,2,2,1394180,600973
2020-11-20,53,30,6,13,3,1,1702566,966685
2020-11-21,53,36,9,7,1,0,2089901,1649091
2020-11-22,65,36,9,18,2,0,2329212,1299060
2020-11-23,43,29,3,5,2,4,855930,642666
2020-11-24,61,31,12,14,4,0,1285355,260933
2020-11-25,60,41,9,8,1,1,1564986,855478
2020-11-26,57,34,8,10,2,3,1631449,754613
2020-11-27,64,42,6,11,4,1,2417932,1552465
2020-11-28,63,44,6,9,3,1,1309420,689170
2020-11-29,57,38,8,7,3,1,1345362,806326
2020-11-30,57,38,6,10,2,1,1335236,607731
2020-12-01,56,34,10,7,4,1,1820110,1193412
2020-12-02,80,54,10,9,6,1,2949912,2181178
2020-12-03,86,56,13,12,2,3,4083776,3286019
2020-12-04,76,54,7,8,3,4,2904136,2418631
2020-12-05,71,45,13,9,4,0,3802126,2966443
2020-12-06,48,26,10,8,4,0,2475564,1753346
2020-12-07,53,41,4,8,0,0,1646508,1210877
2020-12-08,51,25,12,10,3,1,858806,369612
2020-12-09,62,40,7,13,1,1,2512248,1836815
2020-12-10,55,30,10,13,0,2,2077854,930816
2020-12-11,59,37,8,11,2,1,2113055,1328077
2020-12-12,48,31,4,10,1,2,1505715,1002940
2020-12-13,53,35,6,9,1,2,1114318,719467
2020-12-14,59,42,10,5,1,1,1290726,857137
2020-12-15,53,29,10,10,2,2,2053658,1397123
2020-12-16,59,29,13,14,3,0,1931132,1029798
2020-12-17,55,38,7,6,2,2,1889130,1314917
2020-12-18,53,30,4,15,2,2,1258283,636630
2020-12-19,56,32,7,13,3,1,1213521,553076
2020-12-20,63,43,9,10,0,1,1643730,1061470
2020-12-21,45,32,4,8,1,0,1331789,1123926
2020-12-22,52,38,4,6,3,1,2052652,1731722
2020-12-23,67,41,15,8,1,2,2911846,1934185
2020-12-24,55,35,7,8,3,2,1239533,850672
2020-12-25,63,34,10,13,4,2,2490983,1786255
2020-12-26,71,57,11,3,0,0,1287950,985136
2020-12-27,59,39,11,7,2,0,1961736,1425392
2020-12-28,58,34,9,13,1,1,986322,391817
2020-12-29,63,40,6,15,2,0,1797410,1281476
2020-12-30,65,43,8,8,3,3,1936096,1446398
2020-12-31,70,44,13,9,3,1,2562812,1832402
2021-01-01,66,43,8,14,1,0,1573191,758317
2021-01-02,64,43,11,4,4,2,1753945,1296630
2021-01-03,66,43,5,16,1,1,2064185,1545637
2021-01-04,51,33,10,5,2,1,1236323,806470
2021-01-05,71,47,14,9,1,0,2536989,2036510
2021-01-06,69,42,9,12,4,2,1590810,1018448
2021-01-07,59,38,12,8,1,0,2614956,1919987
2021-01-08,54,34,6,12,1,1,1648738,1129927
2021-01-09,63,40,6,14,1,2,1456407,935549
2021-01-10,43,30,5,5,2,1,925764,595034
2021-01-11,64,39,9,13,2,1,1613340,825311
2021-01-12,59,35,10,8,5,1,1618964,1142436
2021-01-13,62,37,5,17,2,1,2176777,1532549
2021-01-14,64,37,11,13,1,2,2217346,1340906
2021-01-15,72,43,11,16,2,0,2612069,1583492
2021-01-16,66,45,8,10,2,1,2870245,2264517
2021-01-17,72,46,6,16,2,2,2890536,2052758
2021-01-18,86,46,17,17,5,1,3495586,2334880
2021-01-19,103,55,9,28,8,3,3251500,2120141
2021-01-20,82,53,10,14,3,2,3077854,2553224
2021-01-21,70,42,11,10,6,1,3434461,2749725
2021-01-22,58,33,12,9,2,2,2443373,1154838
2021-01-23,56,36,10,10,0,0,1415408,980782
2021-01-24,43,26,7,9,0,1,904765,511370
2021-01-25,56,41,5,9,1,0,3079884,2600956
2021-01-26,61,44,6,7,0,4,2827724,2623826
2021-01-27,84,52,14,12,6,0,3096316,2189447
2021-01-28,74,52,10,9,2,1,2885912,2469421
2021-01-29,87,48,14,19,5,1,3424320,2136795
2021-01-30,69,42,11,14,1,1,2468383,1693139
2021-01-31,60,37,5,10,4,4,2867148,2268087
2021-02-01,63,39,10,7,6,1,2274620,1662502
2021-02-02,65,36,9,15,3,2,2141622,1320756
2021-02-03,68,49,7,8,1,3,3452908,2921095
2021-02-04,85,56,16,9,4,0,3727571,2706965
2021-02-05,70,46,14,7,3,0,2660979,2015514
2021-02-06,64,45,6,7,4,2,3568001,2892064
2021-02-07,63,39,9,13,1,1,2330488,1576669
2021-02-08,56,37,8,7,4,0,2371232,1817072
2021-02-09,69,50,8,6,3,2,2726395,2057499
2021-02-10,69,39,10,16,2,2,2324103,1392070
2021-02-11,78,40,16,13,4,5,2759999,1961727
2021-02-12,93,64,9,12,6,2,4303191,3455165
2021-02-13,73,47,13,10,3,0,3052452,2310183
2021-02-14,76,55,8,9,3,1,3384696,2887967
2021-02-15,102,62,15,21,4,0,3523929,2457892
2021-02-16,81,44,19,11,6,1,3423527,2393318
2021-02-17,77,45,12,14,4,2,2837165,1854388
2021-02-18,70,43,11,12,1,3,2986392,2071912
2021-02-19,78,49,15,11,2,1,3389005,2320106
2021-02-20,62,36,12,9,5,0,2001023,1361059
2021-02-21,46,29,6,9,2,0,1361713,832483
2021-02-22,60,33,13,11,1,2,2365370,1315157
2021-02-23,67,44,10,8,2,3,3575244,2860352
2021-02-24,52,30,9,10,2,1,1220814,467784
2021-02-25,76,50,12,11,2,1,2808233,2270680
2021-02-26,51,33,9,8,1,0,2269891,1684595
2021-02-27,64,40,9,11,0,4,1405594,787010
2021-02-28,36,19,8,7,1,1,836920,276926
2021-03-01,72,42,15,12,1,2,2680809,1809307
2021-03-02,78,45,11,17,2,3,2964756,2112349
2021-03-03,80,48,14,12,5,1,3298000,2066534
2021-03-04,69,49,13,5,2,0,3315521,2553893
2021-03-05,75,44,12,17,1,1,3124806,2004951
2021-03-06,66,38,14,9,5,0,2541492,1716303
2021-03-07,40,27,2,8,1,2,1113797,953938
2021-03-08,65,33,12,15,2,3,2095594,1046824
2021-03-09,80,50,9,13,4,4,3073045,2398894
2021-03-10,43,26,6,9,2,0,1384421,858417
2021-03-11,81,53,17,8,1,2,4835633,3852469
2021-03-12,68,46,9,12,0,1,2218975,1390575
2021-03-13,60,35,9,10,4,2,2158767,1509569
2021-03-14,62,39,8,11,4,0,2228446,1546336
2021-03-15,81,49,11,17,3,1,3385466,2420719
2021-03-16,88,54,13,16,2,3,3720257,2776452
2021-03-17,57,37,11,8,0,1,3526644,2827332
2021-03-18,64,37,14,12,1,0,2530617,1523732
2021-03-19,87,53,12,14,5,3,3256297,2201709
2021-03-20,70,40,9,14,2,5,2904672,2254040
2021-03-21,59,39,5,10,4,1,2971481,2555770
2021-03-22,63,45,9,8,1,0,2065826,1481268
2021-03-23,85,45,15,16,1,8,3025056,1922243
2021-03-24,88,56,16,14,2,0,4020434,3165455
2021-03-25,90,61,15,12,0,2,3310468,2390031
2021-03-26,58,34,11,10,2,1,1822222,1176847
2021-03-27,85,53,13,11,3,5,2770584,2093205
2021-03-28,68,42,12,13,1,0,2555536,1656511
2021-03-29,80,48,13,10,6,3,2243350,1471125
2021-03-30,90,55,17,11,4,3,3375242,2291525
2021-03-31,92,52,16,19,3,2,3087705,2021023
2021-04-01,112,60,22,23,7,0,4203722,2489377
2021-04-02,80,49,12,16,2,1,3325988,2502396
2021-04-03,101,65,13,13,7,3,5432225,4453617
2021-04-04,89,63,12,10,2,2,4010016,3408932
2021-04-05,73,50,8,11,4,0,2412309,2007289
2021-04-06,59,26,14,17,0,2,2340769,1183906
2021-04-07,101,68,14,14,1,4,3588856,2819348
2021-04-08,102,63,12,19,7,1,3914526,2829979
2021-04-09,115,71,21,17,3,3,4056820,2465141
2021-04-10,94,59,8,19,6,2,3026551,1973746
2021-04-11,80,47,13,15,4,1,2964792,2117058
2021-04-12,73,42,10,13,5,3,3519883,2836800
2021-04-13,57,42,2,9,2,2,2826669,2460066
2021-04-14,57,37,8,7,5,0,1980462,1443194
2021-04-15,82,45,19,12,3,3,3728096,2467821
2021-04-16,93,58,16,14,3,2,3919289,2517647
2021-04-17,94,61,19,13,1,0,4361973,3224553
2021-04-18,83,50,9,19,4,1,3723246,2911981
2021-04-19,84,47,17,16,4,0,4108258,2826169
2021-04-20,103,62,14,20,5,2,4984428,3707946
2021-04-21,99,53,18,13,4,11,3379684,2472293
2021-04-22,105,60,22,16,4,3,4237080,2878984
2021-04-23,92,57,14,18,3,0,3114045,2155422
2021-04-24,104,59,16,22,5,2,3950061,2872051
2021-04-25,78,46,13,15,3,1,2896867,1959323
2021-04-26,74,50,10,9,2,3,3805558,3044301
2021-04-27,80,42,14,16,7,1,3020726,2097330
2021-04-28,75,47,12,12,1,3,3447342,2527825
2021-04-29,73,42,10,13,5,3,1624511,996553
2021-04-30,74,41,13,14,6,0,3018818,2040979
2021-05-01,68,34,12,14,5,3,2467618,1597983
2021-05-02,81,53,15,10,2,1,2657721,2017922
2021-05-03,85,64,7,12,2,0,3650215,2853367
2021-05-04,73,44,9,10,4,6,1914049,1414667
2021-05-05,59,38,8,11,0,2,3104434,2378220
2021-05-06,83,55,10,14,4,0,5047593,4242514
2021-05-07,94,56,19,13,3,3,3583812,2435667
2021-05-08,104,63,13,21,4,3,4195742,2567874
2021-05-09,69,49,8,9,2,1,3227904,2351311
2021-05-10,85,46,14,20,2,3,3419589,2480712
2021-05-11,101,60,12,22,4,3,4300929,3353633
2021-05-12,98,52,18,22,4,2,4727936,3031424
2021-05-13,104,69,13,13,5,4,3920218,3203837
2021-05-14,88,56,17,10,4,1,3488110,2827271
2021-05-15,63,49,7,6,0,1,3330769,2738005
2021-05-16,80,44,13,13,10,0,3041891,1841541
2021-05-17,84,46,12,20,2,4,2796334,1877568
2021-05-18,83,52,14,11,4,2,4176600,3475533
2021-05-19,86,52,12,15,3,4,3204469,2303558
2021-05-20,85,50,11,17,5,2,3356622,2349478
2021-05-21,89,49,15,21,3,1,4490509,3051958
2021-05-22,89,56,12,18,2,1,4251747,2793287
2021-05-23,86,60,10,11,4,1,2844624,2250044
2021-05-24,87,56,12,11,4,4,2976544,2147805
2021-05-25,77,50,10,9,4,4,3755138,3119163
2021-05-26,84,52,15,10,5,2,2415169,1616472
2021-05-27,86,52,20,10,3,1,3774359,2646773
2021-05-28,83,45,16,18,3,1,2751556,1499640
2021-05-29,92,56,12,19,2,3,3462788,2040097
2021-05-30,94,62,13,16,2,1,3655373,2511209
2021-05-31,91,56,15,15,5,0,4043879,2763244
2021-06-01,105,58,19,25,2,1,4284783,2863438
2021-06-02,90,61,14,10,3,2,3348288,2406501
2021-06-03,98,67,15,10,3,3,3920210,3087043
2021-06-04,97,55,17,20,1,4,3900664,2853996
2021-06-05,98,57,20,17,2,2,4953804,3698999
2021-06-06,88,46,17,22,1,2,3711494,1997408
2021-06-07,83,60,11,10,1,1,3351050,2669625
2021-06-08,74,51,8,12,1,2,3451425,2786037
2021-06-09,93,51,16,20,5,1,4350399,2930976
2021-06-10,92,44,18,24,3,3,3063069,1747649
2021-06-11,96,60,13,17,5,1,3834331,2967411
2021-06-12,93,48,21,17,4,3,3529128,2105518
2021-06-13,91,60,12,13,3,3,3545174,2483032
2021-06-14,86,48,16,16,4,2,4431139,3144611
2021-06-15,90,49,16,19,5,1,3550388,2358723
2021-06-16,104,63,16,18,5,2,3459414,2486275
2021-06-17,92,59,15,14,3,1,3883042,2837639
2021-06-18,96,68,14,10,2,2,4328720,3471598
2021-06-19,86,51,18,14,1,2,3819518,2724144
2021-06-20,89,52,13,15,7,2,4207040,2658482
2021-06-21,90,61,12,16,1,0,3771497,2956069
2021-06-22,97,65,16,12,3,1,3684912,2845713
2021-06-23,94,56,17,15,2,4,4450121,3489995
2021-06-24,84,50,17,13,2,2,2922671,2070315
2021-06-25,108,69,14,19,2,4,4065353,2938032
2021-06-26,88,50,12,18,5,3,3316406,2207656
2021-06-27,74,45,15,12,2,0,3960201,3195596
2021-06-28,94,64,14,14,1,1,4774440,3590437
2021-06-29,86,53,16,15,1,1,2829453,1906189
2021-06-30,86,56,10,14,5,1,3131479,2348132
2021-07-01,98,58,16,16,5,3,3135873,1878191
2021-07-02,93,61,22,8,2,0,3360125,2623401
2021-07-03,87,51,16,15,4,1,5002680,3803649
2021-07-04,82,50,9,16,3,4,3330667,2510046
2021-07-05,87,51,15,17,2,2,3734223,2574957
2021-07-06,78,47,12,14,4,1,2232703,1354947
2021-07-07,106,65,17,19,1,4,5232282,4080279
2021-07-08,84,48,17,16,2,1,3299869,2260210
2021-07-09,95,54,19,13,4,5,3747033,2422290
2021-07-10,82,55,12,9,5,1,3253278,2307435
2021-07-11,77,56,9,9,2,1,3142990,2717637
2021-07-12,87,58,13,10,3,3,2690382,2071570
2021-07-13,75,44,11,18,2,0,3965818,2759452
2021-07-14,92,62,13,14,1,2,3973055,2979381
2021-07-15,78,44,16,16,2,0,2801467,1966684
2021-07-16,81,51,13,11,3,3,3517894,2787869
2021-07-17,78,53,11,13,0,1,2606761,2067291
2021-07-18,71,51,8,9,1,2,2438584,2020902
2021-07-19,89,58,15,10,5,1,4165061,3242353
2021-07-20,91,60,15,14,1,1,3203205,2196062
2021-07-21,82,58,8,9,7,0,2918706,2303529
2021-07-22,86,55,13,15,0,3,2963412,2374883
2021-07-23,98,65,17,14,1,1,5014300,4133137
2021-07-24,72,38,13,15,4,2,2701478,1749786
2021-07-25,80,53,9,12,3,3,3356907,2253319
2021-07-26,95,61,14,17,2,1,4440194,3346304
2021-07-27,99,61,14,18,1,5,3812499,2852912
2021-07-28,96,68,14,12,1,1,4269981,3522210
2021-07-29,77,48,16,7,4,2,3643509,2650820
2021-07-30,84,51,15,16,2,0,2816382,1394975
2021-07-31,83,58,11,10,1,3,3754102,3069071
2021-08-01,87,49,13,18,5,2,2886499,1730456
2021-08-02,84,57,11,12,3,1,3311960,2665146
2021-08-03,93,52,24,13,3,1,4463741,3191420
2021-08-04,94,63,7,18,4,2,3401200,2530884
2021-08-05,91,55,10,21,2,3,3576832,2552702
2021-08-06,102,60,16,19,3,4,4046292,3006278
2021-08-07,91,53,10,24,2,2,2837603,1277717
2021-08-08,88,57,16,10,3,2,4138731,3366217
2021-08-09,93,53,10,23,5,2,3477254,2655395
2021-08-10,83,52,14,14,3,0,3858810,3183008
2021-08-11,68,38,12,14,2,2,2282107,1390788
2021-08-12,82,47,15,12,4,4,4056351,2746786
2021-08-13,98,55,14,18,6,5,4824479,3390788
2021-08-14,92,53,17,14,6,2,3769941,2867969
2021-08-15,80,52,7,16,4,1,3838278,2893769
2021-08-16,72,40,12,15,4,1,2760764,1658427
2021-08-17,62,42,11,7,1,1,2639256,2087415
2021-08-18,62,39,9,5,6,3,2577256,1976198
2021-08-19,75,42,14,15,3,1,3102768,2307645
2021-08-20,73,49,7,11,2,4,3374361,2663068
2021-08-21,100,62,18,16,3,1,5495204,4058581
2021-08-22,73,42,12,15,2,2,3547444,2504894
2021-08-23,84,53,9,14,3,5,3224006,2286313
2021-08-24,83,46,18,12,6,1,3690820,2680598
2021-08-25,64,41,7,11,2,3,2748097,2269804
2021-08-26,95,61,14,15,4,1,3272876,2641917
2021-08-27,93,58,12,19,2,2,3257056,2268679
2021-08-28,89,54,12,19,3,1,2971404,2036677
2021-08-29,83,47,15,17,2,2,3791559,2490646
2021-08-30,80,50,14,10,6,0,3296163,2653990
2021-08-31,94,61,10,17,4,2,3240337,2353788
2021-09-01,80,48,17,10,2,3,2920187,1975412
2021-09-02,89,58,8,19,1,3,4084359,3012171
2021-09-03,88,50,16,17,4,1,4458148,3308101
2021-09-04,78,50,10,15,3,0,3531034,2760683
2021-09-05,75,51,9,10,4,1,4006733,3307359
2021-09-06,79,44,14,18,3,0,3705834,2558370
2021-09-07,70,44,9,13,2,2,2562632,1838482
2021-09-08,87,55,15,13,3,1,3241430,2301806
2021-09-09,95,59,15,16,4,1,3958277,2693979
2021-09-10,79,50,11,15,0,3,3202963,2222447
2021-09-11,75,43,11,17,3,1,2798078,2039938
2021-09-12,75,46,16,11,1,1,2475289,1605431
2021-09-13,80,53,12,13,1,1,3887237,2982585
2021-09-14,96,56,19,17,3,1,3493217,2225294
2021-09-15,94,56,15,17,2,4,3936373,2896228
2021-09-16,110,65,19,20,2,4,5290885,3711283
2021-09-17,94,53,15,22,2,2,3822742,2466735
2021-09-18,102,60,13,19,8,2,3907640,3204525
2021-09-19,76,53,9,10,4,0,3774249,2744624
2021-09-20,83,58,9,14,1,1,3202726,2547622
2021-09-21,76,45,16,10,5,0,2706047,2003521
2021-09-22,88,47,18,18,4,1,4077058,2547811
2021-09-23,79,52,10,14,1,2,3880517,3029766
2021-09-24,99,59,15,16,5,4,4268535,3067845
2021-09-25,110,69,20,12,5,4,4136998,3159849
2021-09-26,84,59,14,9,1,1,3210086,2245190
2021-09-27,72,43,13,14,1,1,3768516,2631270
2021-09-28,82,50,15,14,2,1,3053931,2175559
2021-09-29,105,58,16,20,7,4,3810673,2354460
2021-09-30,99,57,18,19,3,2,3540169,2538310
2021-10-01,89,53,14,20,0,2,3575272,2311310
2021-10-02,86,58,10,13,2,3,2471585,1832229
2021-10-03,53,43,7,3,0,0,2876041,2389205
2021-10-04,79,46,14,14,2,3,4199638,3117513
2021-10-05,90,51,19,15,3,2,4492082,3327564
2021-10-06,97,58,12,13,10,4,3275725,2369897
2021-10-07,86,52,15,15,3,1,3846482,2706090
2021-10-08,114,76,17,17,3,1,4594619,3600673
2021-10-09,101,64,17,15,3,2,4334041,3403837
2021-10-10,94,54,18,19,2,1,3309676,2482762
2021-10-11,37,25,4,7,1,0,2117835,1765961
2021-10-12,69,46,7,13,1,2,3715758,3166867
2021-10-13,84,43,18,16,6,1,2885750,2052860
2021-10-14,95,62,9,17,3,4,3619747,2828305
2021-10-15,104,71,14,16,3,0,3973744,3117390
2021-10-16,95,58,16,16,3,2,2921587,1843725
2021-10-17,72,41,8,20,3,0,4146365,3346968
2021-10-18,88,63,11,14,0,0,4103974,3357944
2021-10-19,73,43,13,14,1,2,2320239,1568097
2021-10-20,91,51,18,17,4,1,3955823,3103699
2021-10-21,81,51,12,15,3,0,2984419,1928925
2021-10-22,65,45,7,9,2,2,2696104,2202915
2021-10-23,83,42,14,20,5,2,2407507,1352732
2021-10-24,86,53,9,19,2,3,3178223,2389266
2021-10-25,64,45,6,9,1,3,3347967,2639374
2021-10-26,71,40,9,18,3,1,3065651,2147647
2021-10-27,59,42,4,11,2,0,2095605,1666137
2021-10-28,64,38,8,13,4,1,2801639,2296911
2021-10-29,70,36,15,14,2,3,4016324,3136336
2021-10-30,84,54,15,10,2,3,4061230,3320742
2021-10-31,80,53,12,12,1,2,3396151,2255231
2021-11-01,104,69,8,19,5,3,3365124,2542885
2021-11-02,83,45,16,20,2,0,3741375,2177240
2021-11-03,93,54,15,20,2,2,4007325,2769662
2021-11-04,67,48,10,7,1,1,2568861,2086399
2021-11-05,79,54,10,12,1,2,3098696,2348757
2021-11-06,56,34,11,7,2,2,1868051,1142157
2021-11-07,44,24,7,10,2,1,2306002,1663783
2021-11-08,53,31,5,13,3,1,1470465,933315
2021-11-09,94,53,20,14,4,3,4010784,3061994
2021-11-10,83,47,14,18,3,1,3338377,2065283
2021-11-11,98,61,10,20,6,1,4908367,3667099
2021-11-12,72,41,12,14,3,2,3626984,2611193
2021-11-13,88,51,13,22,1,1,3559753,2417494
2021-11-14,81,53,11,15,0,2,3511356,3034571
2021-11-15,86,52,12,16,4,2,3092219,2076729
2021-11-16,94,64,12,15,1,2,4527916,4017453
2021-11-17,84,62,12,6,3,1,3250214,2586854
2021-11-18,74,33,17,21,2,1,2352287,930099
2021-11-19,83,52,8,16,2,5,3713166,2842185
2021-11-20,87,60,8,15,2,2,3857183,3093121
2021-11-21,93,59,12,19,2,1,2808221,1716403
2021-11-22,97,59,13,20,4,1,5004259,4097307
2021-11-23,108,66,14,19,5,4,4374795,3410227
2021-11-24,88,52,17,13,4,2,3515625,2235607
2021-11-25,104,62,19,15,7,1,3925918,2518037
2021-11-26,102,61,16,19,6,0,4204756,3091088
2021-11-27,99,52,16,20,6,5,4304185,2894177
2021-11-28,67,43,7,14,1,2,2951061,2374496
2021-11-29,86,50,7,21,5,3,3542738,2570814
2021-11-30,70,39,10,18,2,1,3117264,1990814
2021-12-01,88,57,8,14,4,5,3882134,3010003
2021-12-02,71,43,12,13,1,2,3189099,2356215
2021-12-03,95,66,12,14,2,1,4738216,3821872
2021-12-04,73,46,11,10,5,1,2602107,2017014
2021-12-05,82,50,9,15,8,0,4515673,3477313
2021-12-06,61,42,8,9,1,1,2640029,2007603
2021-12-07,71,54,3,12,1,1,3044469,2510675
2021-12-08,60,39,7,13,0,1,3077448,2352832
2021-12-09,101,65,15,17,2,2,4426103,3288546
2021-12-10,88,55,12,17,2,2,4643178,3511157
2021-12-11,73,46,13,12,1,1,3068858,2012373
2021-12-12,77,51,14,8,4,0,3592472,2446825
2021-12-13,64,43,4,12,3,2,4194127,3673561
2021-12-14,86,57,11,11,4,3,3261607,2428945
2021-12-15,87,56,11,12,5,3,3737035,2760748
2021-12-16,57,35,8,13,1,0,2442842,1673578
2021-12-17,70,38,7,14,7,4,2643703,1826548
2021-12-18,99,59,14,20,4,2,3638577,2994636
2021-12-19,91,60,9,13,7,2,3836014,2671855
2021-12-20,78,49,13,12,3,1,3011847,1991382
2021-12-21,61,40,8,10,0,3,1693771,1062020
2021-12-22,71,42,8,18,2,1,4303732,3253692
2021-12-23,75,48,8,11,4,4,2375528,1537911
2021-12-24,98,64,14,14,4,2,4430614,3443681
2021-12-25,102,60,19,21,1,1,4532875,3417295
2021-12-26,86,49,14,20,2,1,4080910,2453843
2021-12-27,63,43,6,11,3,0,2603887,1936635
2021-12-28,69,45,6,14,4,0,3393752,2715834
2021-12-29,89,53,15,16,4,1,4358681,3304059
2021-12-30,65,43,10,8,2,2,3494231,2880154
2021-12-31,83,55,10,13,3,2,2499840,1741951
2022-01-01,60,39,8,9,3,1,3551557,2792960
2022-01-02,76,51,9,11,2,3,2842083,2154226
2022-01-03,73,54,12,4,2,1,4458514,3817549
2022-01-04,73,47,6,14,4,2,2746051,2019310
2022-01-05,76,46,8,13,5,4,3629651,2945916
2022-01-06,71,43,13,11,2,2,2036278,1162995
2022-01-07,66,44,12,6,3,1,3591840,2818187
2022-01-08,74,47,9,17,1,0,3825202,2806786
2022-01-09,82,62,6,13,0,1,3909420,3119552
2022-01-10,89,58,10,15,3,3,3987896,3394777
2022-01-11,71,47,13,6,2,3,3631264,2882543
2022-01-12,88,48,16,18,4,2,3512175,2196878
2022-01-13,77,58,8,9,1,1,3251763,2511275
2022-01-14,88,55,9,18,4,2,3680775,2777756
2022-01-15,70,45,12,8,3,2,3538571,2892083
2022-01-16,85,52,12,15,4,2,3071999,1950887
2022-01-17,75,49,6,15,5,0,4218051,3410981
2022-01-18,85,55,15,11,2,2,3332059,2485772
2022-01-19,82,44,16,18,2,2,3223056,1845604
2022-01-20,83,56,13,10,1,3,5183992,4371885
2022-01-21,70,49,10,10,0,1,2543762,2015734
2022-01-22,65,37,11,13,2,2,3351111,2010085
2022-01-23,71,39,13,15,2,2,2380091,1704688
2022-01-24,79,50,6,20,0,3,3515615,2549753
2022-01-25,89,60,9,14,2,4,4756814,3912134
2022-01-26,95,59,16,16,3,1,4047046,2730131
2022-01-27,99,66,16,11,4,2,4147584,3154085
2022-01-28,86,53,12,11,7,3,4634808,3749291
2022-01-29,103,68,16,13,4,2,4018346,2970060
2022-01-30,90,53,16,19,1,1,3612152,2347889
2022-01-31,89,53,10,23,2,1,3779431,2381643
2022-02-01,93,50,19,16,6,2,3434353,2347361
2022-02-02,88,56,10,17,2,3,3999545,3235562
2022-02-03,104,66,12,18,7,1,4568955,3133138
2022-02-04,98,63,19,11,3,2,3960280,3067891
2022-02-05,102,64,13,14,7,4,4159533,3317494
2022-02-06,84,53,11,16,2,2,4038782,2930168
2022-02-07,70,48,8,13,0,1,2172920,1800448
2022-02-08,98,54,17,20,3,4,3245838,2004839
2022-02-09,100,62,15,18,5,0,5180555,4138534
2022-02-10,92,54,16,15,2,5,3876604,2721007
2022-02-11,107,66,14,20,2,5,5350060,4329925
2022-02-12,106,65,16,20,2,3,4718628,3328419
2022-02-13,84,48,16,14,4,2,3523310,2036856
2022-02-14,78,53,10,13,2,0,3680969,2792032
2022-02-15,90,59,9,14,5,3,3724589,3090961
2022-02-16,101,53,20,20,7,1,3793768,2552118
2022-02-17,98,60,14,18,5,1,4141813,3194031
2022-02-18,93,56,16,19,2,0,4060314,3016880
2022-02-19,109,55,20,22,7,5,4219703,2688981
2022-02-20,99,69,11,14,1,4,4175764,3020172
2022-02-21,90,65,11,11,1,2,4534681,3833614
2022-02-22,78,58,9,8,0,3,3143801,2531891
2022-02-23,104,63,20,15,4,2,3339457,2190238
2022-02-24,90,50,16,17,5,2,3396205,2228851
2022-02-25,115,72,12,20,6,5,5282701,4284399
2022-02-26,99,64,12,19,3,1,4519864,3419909
2022-02-27,93,60,16,11,5,1,3918455,2929831
2022-02-28,71,42,11,12,4,2,1850235,1092434
2022-03-01,77,44,13,14,3,3,2847650,1860683
2022-03-02,84,56,12,12,3,1,3100784,2441547
2022-03-03,106,68,18,16,2,2,5821093,5120938
2022-03-04,89,54,12,18,4,1,3166222,1962512
2022-03-05,82,56,9,12,2,3,4748943,3771276
2022-03-06,99,61,13,19,2,4,3979337,2826339
2022-03-07,83,51,12,14,5,1,3491226,2384077
2022-03-08,96,63,10,17,3,3,4384769,3356148
2022-03-09,80,49,14,12,1,4,4009917,3207908
2022-03-10,112,67,14,22,6,3,4016860,2742943
2022-03-11,101,61,11,25,3,1,4562048,3252756
2022-03-12,102,52,21,20,6,3,4306388,3154091
2022-03-13,113,75,12,19,3,4,5048297,3907554
2022-03-14,109,64,15,19,8,3,3867311,2640731
2022-03-15,94,53,17,18,4,2,3527847,2569070
2022-03-16,106,70,8,20,6,2,4864111,3746923
2022-03-17,82,45,14,17,4,2,3333146,2136689
2022-03-18,53,39,4,9,0,1,2179304,1839557
2022-03-19,84,49,17,13,3,2,3819466,2646137
2022-03-20,85,54,11,13,6,1,2855221,2176373
2022-03-21,104,62,10,24,6,2,4147785,2577861
2022-03-22,99,61,14,17,6,1,4695735,3733690
2022-03-23,113,77,14,15,3,4,4979110,4030701
2022-03-24,117,70,20,23,3,1,5170059,3919248
2022-03-25,108,65,15,23,5,0,5416720,3489125
2022-03-26,103,67,16,13,5,2,4818834,3896175
2022-03-27,92,59,14,8,9,2,2520963,2014523
2022-03-28,73,47,7,17,1,1,3057482,2427290
2022-03-29,71,44,11,13,3,0,2523677,1607512
2022-03-30,72,37,14,16,2,3,2512083,1590908
2022-03-31,107,67,15,21,2,2,5822937,4692245
2022-04-01,111,74,17,14,3,3,5123630,3535991
2022-04-02,120,70,21,20,3,6,4728552,3174037
2022-04-03,101,69,17,12,2,1,4438058,3422579
2022-04-04,103,68,7,17,7,4,5586388,4870628
2022-04-05,103,57,18,24,2,2,3043921,1738993
2022-04-06,111,71,16,21,3,0,4684175,3424476
2022-04-07,100,67,12,14,5,2,4048075,3222741
2022-04-08,91,56,16,15,3,1,3542514,2820187
2022-04-09,105,59,17,22,6,1,5625705,4204545
2022-04-10,104,59,16,22,4,3,5034137,3638681
2022-04-11,86,57,14,13,1,1,3389510,2508343
2022-04-12,102,68,10,21,3,0,3720792,2855345
2022-04-13,101,54,18,21,4,4,4289115,2968139
2022-04-14,108,65,15,17,8,3,4403914,3155548
2022-04-15,98,73,15,8,2,0,3364387,2704923
2022-04-16,92,58,16,8,5,5,3431552,2383068
2022-04-17,98,67,11,13,5,2,5713030,4736329
2022-04-18,93,57,11,18,3,4,3460201,2520414
2022-04-19,97,63,17,14,1,2,4537357,3610334
2022-04-20,100,67,14,11,6,2,4583996,3577762
2022-04-21,93,47,19,22,4,1,3246637,2287135
2022-04-22,102,66,13,20,2,1,4085749,3240763
2022-04-23,114,73,18,16,3,4,4709552,3627524
2022-04-24,91,49,16,22,3,1,3535796,2493985
2022-04-25,95,59,17,13,5,1,3977129,2996226
2022-04-26,112,74,20,12,3,3,4042665,3062229
2022-04-27,104,68,18,13,3,2,4234098,3131469
2022-04-28,100,54,25,16,4,1,4426545,3230740
2022-04-29,97,62,16,14,3,2,3839841,2908018
2022-04-30,83,54,11,14,2,2,3496458,2405878
2022-05-01,92,60,10,16,4,2,3014316,1917539
2022-05-02,90,53,16,17,2,2,3611398,2567943
2022-05-03,96,66,16,10,4,0,4920026,3962050
2022-05-04,98,59,15,17,2,5,3280203,2279824
2022-05-05,106,69,10,18,6,3,3744537,2765187
2022-05-06,116,61,24,25,4,2,4863175,3172169
2022-05-07,110,66,26,12,4,2,3688053,2819907
2022-05-08,103,57,18,22,3,3,5160831,3661890
2022-05-09,91,61,13,14,1,2,3367417,2662827
2022-05-10,85,45,13,21,5,1,3203774,2339795
2022-05-11,103,65,16,17,2,3,4719209,3574313
2022-05-12,96,60,18,17,1,0,4396022,3430046
2022-05-13,56,32,13,9,2,0,2640480,1838170
2022-05-14,95,59,12,15,4,5,3386032,2425821
2022-05-15,70,46,8,11,1,4,2817656,2215638
2022-05-16,95,58,17,17,3,0,2821081,1912391
2022-05-17,108,62,20,20,4,2,5279458,3895466
2022-05-18,96,62,11,13,5,5,3002297,2130367
2022-05-19,106,60,15,25,5,1,4221584,2978587
2022-05-20,97,59,16,9,8,5,3417195,2553192
2022-05-21,106,59,17,22,7,1,4489698,3109559
2022-05-22,89,66,12,8,2,1,4443350,3895113
2022-05-23,88,62,9,14,3,0,3587078,2886446
2022-05-24,95,60,20,14,1,0,4185722,3210856
2022-05-25,90,52,20,13,2,3,3916147,2700948
2022-05-26,87,58,7,16,5,1,2505512,1576842
2022-05-27,107,70,15,16,2,4,5074760,4028117
2022-05-28,98,66,16,16,0,0,4014380,2643847
2022-05-29,103,62,14,19,3,5,4117529,3193880
2022-05-30,99,64,18,11,5,1,3691057,2555903
2022-05-31,97,65,15,12,4,1,3351032,2454506
2022-06-01,102,61,20,15,3,3,3357172,2315085
2022-06-02,116,71,18,20,2,5,4739175,3678818
2022-06-03,101,62,12,19,4,4,5274993,4160358
2022-06-04,87,48,18,15,3,3,2827503,1626351
2022-06-05,97,61,17,16,3,0,4362422,3412500
2022-06-06,96,67,12,11,1,5,3044370,2167050
2022-06-07,108,64,23,16,3,2,4694788,3763683
2022-06-08,119,64,23,26,5,1,5224830,3132889
2022-06-09,89,62,12,11,3,1,2470332,1805347
2022-06-10,120,79,21,15,1,4,5629554,4313716
2022-06-11,85,52,15,14,3,1,4072229,3401109
2022-06-12,88,60,14,10,2,2,3068759,2142259
2022-06-13,63,41,12,8,0,2,2805050,2106555
2022-06-14,109,68,15,21,5,0,6193229,5025407
2022-06-15,107,68,17,15,5,2,4501563,3338232
2022-06-16,111,69,19,18,2,3,4861695,3466191
2022-06-17,98,60,22,10,5,1,3101184,2183568
2022-06-18,84,52,13,13,4,2,3911608,3176625
2022-06-19,102,68,9,23,1,1,3558825,2697006
2022-06-20,93,56,19,14,1,3,4129474,2882250
2022-06-21,85,48,18,13,2,4,2243832,1511933
2022-06-22,106,63,19,20,2,2,5745705,4099101
2022-06-23,89,47,16,19,3,4,3144655,2038388
2022-06-24,85,50,12,19,4,0,4568078,3800553
2022-06-25,118,68,20,24,4,2,4937856,3422479
2022-06-26,94,63,14,10,6,1,4475490,3771129
2022-06-27,109,72,13,20,3,1,3778177,3021130
2022-06-28,90,54,17,16,1,2,3052181,2273120
2022-06-29,99,57,17,20,3,2,3702539,2175875
2022-06-30,116,74,19,19,1,3,4538318,3226950
2022-07-01,93,55,15,15,5,3,3298679,2465171
2022-07-02,92,55,16,12,6,3,4646450,3714434
2022-07-03,88,59,6,17,3,3,4856351,4103430
2022-07-04,111,71,14,23,1,2,4378003,3592687
2022-07-05,84,58,16,8,2,0,3789723,3274990
2022-07-06,96,57,18,12,7,2,3131449,2313671
2022-07-07,80,50,9,16,2,3,3886702,3080036
2022-07-08,100,66,16,14,3,1,5195771,4261633
2022-07-09,96,55,17,18,2,4,3954459,2954944
2022-07-10,85,55,11,15,2,2,3395006,2626293
2022-07-11,83,56,8,13,3,3,3706577,2966754
2022-07-12,80,48,17,10,5,0,3506251,2279545
2022-07-13,87,48,15,18,4,2,3559286,2131613
2022-07-14,117,78,18,13,4,4,4502680,3533686
2022-07-15,106,76,15,12,2,1,5666417,4607232
2022-07-16,96,55,19,12,4,6,3897483,3083197
2022-07-17,93,61,12,15,5,0,4069554,2955510
2022-07-18,103,66,18,14,2,3,4985333,3493344
2022-07-19,72,47,14,9,1,1,3366542,2552005
2022-07-20,100,61,17,17,3,2,4527172,3730238
2022-07-21,112,72,14,17,6,3,4126799,2751124
2022-07-22,80,58,12,8,2,0,3630092,2961657
2022-07-23,87,57,12,13,2,3,4015568,2980929
2022-07-24,97,64,15,13,2,3,3060903,2343755
2022-07-25,94,62,14,11,5,2,4002015,3022195
2022-07-26,104,64,15,17,8,0,3493046,2507512
2022-07-27,88,62,10,12,1,3,3937505,2963686
2022-07-28,83,49,15,14,2,3,3341987,2475915
2022-07-29,80,46,15,15,4,0,3707693,2563885
2022-07-30,101,64,10,22,4,1,3646452,2559153
2022-07-31,101,60,19,16,4,2,4554375,3675096
2022-08-01,90,55,16,12,6,1,4366612,3466531
2022-08-02,98,50,20,21,5,2,3676298,2153204
2022-08-03,115,61,16,27,6,5,4109723,2338951
2022-08-04,103,58,17,23,5,0,4093989,3127695
2022-08-05,112,71,17,17,0,7,5057281,3800412
2022-08-06,95,61,17,13,3,1,4563057,3447564
2022-08-07,102,65,21,12,2,2,2967252,1959682
2022-08-08,95,53,16,20,3,3,4569981,3392709
2022-08-09,88,49,16,18,3,2,3334735,1914035
2022-08-10,110,72,17,17,2,2,4737600,3865102
2022-08-11,109,67,17,14,6,5,4033628,2860910
2022-08-12,101,66,10,19,5,1,4002281,2840081
2022-08-13,98,59,18,17,2,2,3739081,2427151
2022-08-14,86,54,11,18,3,0,4473211,3439456
2022-08-15,98,62,13,19,2,2,3907626,2384601
2022-08-16,104,63,17,16,3,5,4004707,3083127
2022-08-17,118,72,21,14,6,5,5466373,4335243
2022-08-18,104,65,17,13,7,2,4003911,3176972
2022-08-19,125,72,29,15,6,3,4048696,2542736
2022-08-20,98,66,17,13,1,1,3801154,2869528
2022-08-21,88,55,12,15,4,2,3983557,3124429
2022-08-22,92,54,15,16,6,1,4138330,3171139
2022-08-23,105,65,19,17,2,2,3300851,2441331
2022-08-24,103,62,13,19,7,2,4686078,3560381
2022-08-25,111,68,17,19,6,1,3681567,2515229
2022-08-26,110,61,21,24,4,0,5211137,3671079
2022-08-27,114,62,18,27,5,2,4853389,3309485
2022-08-28,122,70,21,22,5,4,4665943,3241982
2022-08-29,102,61,15,23,1,2,4408404,3308327
2022-08-30,105,58,17,26,4,0,3498567,1947092
2022-08-31,102,63,15,17,5,2,6107272,5053925
2022-09-01,118,68,17,25,5,3,4475547,3261814
2022-09-02,100,65,18,11,3,3,4308063,3327977
2022-09-03,108,64,11,23,8,2,4939557,3930097
2022-09-04,104,63,19,16,5,1,5703336,4233805
2022-09-05,93,63,12,11,4,3,5174834,4302572
2022-09-06,94,51,16,22,2,3,2944349,1525854
2022-09-07,80,45,16,15,4,0,3592779,2431216
2022-09-08,89,52,11,17,6,3,4834462,3751378
2022-09-09,105,56,18,24,4,3,4098808,2650359
2022-09-10,108,71,14,19,3,1,3869937,2560909
2022-09-11,97,72,10,12,2,1,4086471,3497274
2022-09-12,115,68,22,19,2,4,4622034,2898975
2022-09-13,96,60,18,14,3,1,3799809,2962287
2022-09-14,113,55,20,24,12,2,4499705,3102888
2022-09-15,112,70,15,17,7,3,4999367,4008714
2022-09-16,106,69,18,13,5,1,3160987,2222365
2022-09-17,86,57,16,9,1,3,2864982,2370902
2022-09-18,85,46,13,25,1,0,3881639,2723124
2022-09-19,74,45,11,13,4,1,2904022,2268901
2022-09-20,101,60,17,15,6,3,4230122,3187709
2022-09-21,95,62,14,13,5,1,4003008,3013860
2022-09-22,90,60,18,9,2,1,3380160,2594417
2022-09-23,101,68,16,14,3,0,3982155,2481434
2022-09-24,121,63,19,24,9,6,4561388,3194479
2022-09-25,109,73,17,13,5,1,5017208,3916092
2022-09-26,100,51,19,27,3,0,3061941,1540557
2022-09-27,80,49,16,12,3,0,3034791,2052226
2022-09-28,88,59,12,11,2,4,3573499,2529130
2022-09-29,92,63,5,21,3,0,3336835,2712618
2022-09-30,98,61,18,14,3,2,4543902,3480062
2022-10-01,94,61,13,15,2,3,4470785,3620718
2022-10-02,93,54,13,19,5,2,3309579,2173620
2022-10-03,82,55,11,14,0,2,4621396,4019379
2022-10-04,89,56,13,14,4,2,4709250,4039750
2022-10-05,109,66,14,21,4,4,4815391,3352375
2022-10-06,85,50,14,15,4,2,3023931,1949122
2022-10-07,108,63,16,21,5,3,4582544,3030196
2022-10-08,99,61,15,16,4,3,3417431,2478850
2022-10-09,98,60,19,16,3,0,3748456,2501148
2022-10-10,95,51,22,18,2,2,3905910,2333721
2022-10-11,94,56,15,16,5,2,2887486,1949614
2022-10-12,114,67,20,19,4,4,4691362,3288702
2022-10-13,103,65,16,16,5,1,4050526,3305308
2022-10-14,103,57,18,20,5,3,3354573,2269104
2022-10-15,108,66,17,17,6,2,4693150,3381621
2022-10-16,96,61,17,15,2,1,4795150,3671928
2022-10-17,107,66,17,15,6,3,5364873,4327157
2022-10-18,100,54,18,23,3,2,3193048,2172782
2022-10-19,114,72,17,16,7,2,4843463,3353753
2022-10-20,89,58,13,13,2,3,3195695,2348272
2022-10-21,109,67,18,13,7,4,3713713,2702935
2022-10-22,99,60,16,17,6,0,3872930,2954589
2022-10-23,118,71,18,20,7,2,2980476,1808463
2022-10-24,104,71,16,13,2,2,5323090,4501770
2022-10-25,111,64,20,21,3,3,4228234,2979996
2022-10-26,108,69,14,16,6,3,4353905,3389940
2022-10-27,114,70,20,16,6,2,4220217,3174477
2022-10-28,123,77,14,23,1,8,4780573,3651303
2022-10-29,87,59,9,17,1,1,3557023,2892501
2022-10-30,106,60,21,18,5,2,4439985,3074569
2022-10-31,75,46,11,12,5,1,2991469,2324696
2022-11-01,95,54,21,17,1,2,4579270,3623551
2022-11-02,88,59,15,10,3,1,4640511,3735233
2022-11-03,107,61,20,15,5,6,4419282,3125065
2022-11-04,71,43,10,15,1,2,3953076,2941586
2022-11-05,79,49,13,10,4,3,3201707,2504483
2022-11-06,76,44,12,16,3,1,3492314,2863904
2022-11-07,87,52,11,21,3,0,3556512,2595177
2022-11-08,98,60,12,22,1,3,3382934,2314018
2022-11-09,72,45,14,10,2,1,3889302,3100576
2022-11-10,93,54,18,14,4,3,4405505,3014190
2022-11-11,117,74,16,20,4,3,4882462,3807063
2022-11-12,89,46,12,22,8,1,3111248,2142064
2022-11-13,75,49,10,9,6,1,4110781,3233964
2022-11-14,57,34,11,8,2,2,2116885,1186104
2022-11-15,70,47,10,7,3,3,2853518,2515694
2022-11-16,88,46,14,18,6,4,5188383,3758967
2022-11-17,99,66,21,9,2,1,4741844,3998417
2022-11-18,101,59,17,15,5,5,3683170,2605425
2022-11-19,55,34,8,10,2,1,2013219,1324729
2022-11-20,88,59,12,13,2,2,3248675,2270513
2022-11-21,62,37,13,9,1,2,2568168,1880843
2022-11-22,71,46,13,10,1,1,2495648,1280215
2022-11-23,91,46,18,21,3,3,4278926,2958695
2022-11-24,77,49,11,8,6,3,3476008,2916907
2022-11-25,85,57,13,10,5,0,2992996,2064616
2022-11-26,67,39,11,12,4,1,2638490,1968528
2022-11-27,91,57,13,14,6,1,3637609,2641411
2022-11-28,96,57,14,18,3,4,2694778,1770692
2022-11-29,100,57,20,14,4,5,3401883,2559702
2022-11-30,99,61,15,17,5,1,4483391,3587959
2022-12-01,88,50,17,14,3,4,3212499,2220075
2022-12-02,86,55,12,13,3,3,3973275,3294861
2022-12-03,83,52,14,11,2,4,4625296,3570841
2022-12-04,76,50,9,12,4,1,3760461,3020762
2022-12-05,77,48,17,8,3,1,2925495,2375601
2022-12-06,77,41,17,16,2,1,2514835,1269782
2022-12-07,81,49,7,19,3,3,4503749,3510004
2022-12-08,75,47,12,8,5,3,2818864,1936419
2022-12-09,71,36,12,17,4,2,2894282,1854515
2022-12-10,82,48,16,17,1,0,3357860,2469738
2022-12-11,74,40,11,15,6,2,2735895,1826703
2022-12-12,85,49,13,15,4,4,4095378,3221438
2022-12-13,76,50,11,14,0,1,2234848,1512575
2022-12-14,69,40,11,14,1,3,3999257,3408085
2022-12-15,84,53,14,8,6,3,3339978,3017803
2022-12-16,71,42,14,12,2,1,3364013,2372259
2022-12-17,89,56,11,16,5,1,3889998,2906387
2022-12-18,93,56,11,22,2,2,3629296,2324320
2022-12-19,66,35,13,17,1,0,2855274,1638193
2022-12-20,83,55,10,13,4,1,3644029,2795964
2022-12-21,75,46,12,11,4,2,3224272,2500624
2022-12-22,90,63,8,11,5,3,3058187,2449582
2022-12-23,78,50,14,6,5,3,3085582,2293719
2022-12-24,96,61,14,15,6,0,3967860,2913474
2022-12-25,79,43,12,15,7,2,3602465,2557374
2022-12-26,74,50,11,10,2,1,3202150,2738524
2022-12-27,78,43,17,12,4,2,2085319,1000833
2022-12-28,79,53,17,7,2,0,3568951,2692653
2022-12-29,63,36,11,10,5,1,2506047,1809004
2022-12-30,67,46,9,8,2,2,2153019,1469989
2022-12-31,86,49,11,22,3,1,3322486,2425412
2023-01-01,74,39,12,14,2,7,3836476,2748188
2023-01-02,86,52,13,16,3,2,3394889,2447189
2023-01-03,86,51,19,12,3,1,3604271,2760422
2023-01-04,80,51,15,11,2,1,4772967,4001385
2023-01-05,77,41,19,12,2,3,2809279,1528222
2023-01-06,53,35,7,7,2,2,2588930,1935599
2023-01-07,88,58,15,11,2,2,3641327,2877337
2023-01-08,77,44,11,16,4,2,3318430,2480918
2023-01-09,73,47,12,10,3,1,2481799,1681841
2023-01-10,77,44,11,15,6,1,2516253,1588923
2023-01-11,62,31,14,10,5,2,2383992,1688075
2023-01-12,67,39,13,13,2,0,2404914,1835785
2023-01-13,55,33,8,13,1,0,2632598,2119947
2023-01-14,81,49,12,13,4,3,4733290,4030262
2023-01-15,74,35,16,17,5,1,2927194,1729518
2023-01-16,67,42,10,11,3,1,3409610,2882262
2023-01-17,71,44,16,6,3,2,3301068,2699024
2023-01-18,81,50,13,17,0,1,3521235,2676557
2023-01-19,75,40,12,15,3,5,2491591,1609742
2023-01-20,69,45,10,12,2,0,2920147,2004156
2023-01-21,79,51,7,16,2,3,3249469,2517756
2023-01-22,84,54,13,12,3,2,4213567,3309586
2023-01-23,76,49,12,10,2,3,3418556,2619409
2023-01-24,81,45,18,8,6,4,3216173,2250382
2023-01-25,94,58,18,15,2,1,5172223,4119432
2023-01-26,79,51,15,11,1,1,3345458,2418100
2023-01-27,78,49,14,11,3,1,2453363,1725033
2023-01-28,85,54,15,13,3,0,3087648,2352473
2023-01-29,73,48,10,11,2,2,3297190,2369726
2023-01-30,72,44,9,14,2,3,2716906,2030859
2023-01-31,83,50,18,13,2,0,3295474,2315180
2023-02-01,76,53,12,7,4,0,3090314,2455712
2023-02-02,64,43,10,5,1,5,2803468,2404618
2023-02-03,91,55,5,25,5,1,3575565,2674702
2023-02-04,80,55,11,13,1,0,3796432,2949458
2023-02-05,64,39,8,11,5,1,3521767,2475180
2023-02-06,78,47,13,15,2,1,3466913,2640582
2023-02-07,92,52,12,17,7,4,2893915,1916394
2023-02-08,106,66,20,13,5,2,4848667,3686349
2023-02-09,80,44,17,14,3,2,4138205,2884548
2023-02-10,58,36,10,10,2,0,2571234,1831528
2023-02-11,77,45,11,16,4,1,3364836,2320882
2023-02-12,105,62,14,23,3,3,3278896,2377257
2023-02-13,99,64,16,8,7,4,3886512,3185822
2023-02-14,76,47,12,13,3,1,2514366,1776977
2023-02-15,70,39,17,10,3,1,2786273,1979001
2023-02-16,131,73,27,24,5,2,4967486,3496850
2023-02-17,98,55,18,15,8,2,4089635,2947001
2023-02-18,70,42,8,16,3,1,2905401,2356472
2023-02-19,70,41,13,12,3,1,3020976,1963693
2023-02-20,88,50,16,16,3,3,2544394,1660972
2023-02-21,77,38,17,11,7,4,2187810,1330551
2023-02-22,111,71,14,17,5,4,4484266,3395079
2023-02-23,106,60,18,19,6,3,4116884,2908812
2023-02-24,120,77,15,19,7,2,5878456,4536489
2023-02-25,94,50,16,20,6,2,3575326,2320098
2023-02-26,107,65,16,18,4,4,4625658,3280424
2023-02-27,83,57,12,10,2,2,3282409,2588254
2023-02-28,86,46,20,11,4,5,4428854,3378321
2023-03-01,91,58,15,13,3,2,3231470,2245306
2023-03-02,71,42,10,14,3,2,2821163,2078829
2023-03-03,76,46,16,9,3,2,4256114,3359562
2023-03-04,80,46,16,11,4,3,4229711,3001862
2023-03-05,87,63,9,9,2,4,4736799,4084677
2023-03-06,108,56,20,25,2,5,3100939,1521640
2023-03-07,109,67,15,16,7,4,4263403,3345950
2023-03-08,101,59,22,13,3,4,4047066,2689598
2023-03-09,99,55,18,20,3,3,3312890,2332181
2023-03-10,91,50,18,21,2,0,2790593,1664945
2023-03-11,112,69,22,15,2,4,4422475,3526742
2023-03-12,100,62,13,19,4,2,3979233,3197648
2023-03-13,81,47,19,10,3,2,3220201,2260893
2023-03-14,108,64,20,13,10,1,3935562,2939197
2023-03-15,99,57,18,15,7,2,3948923,2936002
2023-03-16,90,52,17,15,2,4,3710962,2678630
2023-03-17,77,43,15,16,3,0,2799802,1407541
2023-03-18,85,53,12,14,3,3,3277331,2579106
2023-03-19,96,60,16,15,4,1,3829584,2973065
2023-03-20,75,44,12,15,3,1,3627942,2831003
2023-03-21,66,40,14,7,5,0,2334793,1460983
2023-03-22,62,33,9,9,6,5,2771216,1957068
2023-03-23,71,43,15,9,3,1,3267465,2402665
2023-03-24,69,46,7,12,3,1,4044030,3130246
2023-03-25,92,54,14,18,5,1,2521561,1597323
2023-03-26,81,52,13,14,2,0,4086105,2766816
2023-03-27,75,45,15,7,7,1,2545526,1962927
2023-03-28,73,47,14,8,1,3,3326040,2554868
2023-03-29,68,36,11,15,2,4,2722535,1902366
2023-03-30,92,54,18,15,4,1,3591779,2713702
2023-03-31,104,63,13,21,5,2,4914725,3549102
2023-04-01,105,58,23,15,6,3,3624321,2295116
2023-04-02,83,58,10,11,3,1,3604933,2946734
2023-04-03,60,35,15,6,3,1,3015029,2127859
2023-04-04,81,45,14,11,6,5,2516596,1822512
2023-04-05,72,43,16,11,2,0,3040268,2409198
2023-04-06,117,70,16,23,6,2,4739462,3780548
2023-04-07,114,62,24,15,10,3,4975910,3692726
2023-04-08,115,70,16,21,6,2,4501839,3534186
2023-04-09,108,71,16,16,2,3,4259094,3286894
2023-04-10,113,66,13,25,6,3,3855962,2635432
2023-04-11,126,69,21,23,5,8,5868914,4504486
2023-04-12,112,74,16,12,6,4,3743628,2619323
2023-04-13,107,66,21,15,5,0,4596909,3716447
2023-04-14,83,51,10,15,5,2,3454806,2515871
2023-04-15,91,53,20,12,5,1,3401189,2125424
2023-04-16,94,54,14,22,1,3,4461693,3294833
2023-04-17,77,48,14,11,1,3,3096957,2320403
2023-04-18,107,62,19,13,8,5,4520543,3564921
2023-04-19,92,57,12,13,6,4,3395623,2566346
2023-04-20,129,80,20,25,3,1,4734089,3592200
2023-04-21,97,52,20,17,5,3,3862155,2740239
2023-04-22,123,74,27,16,5,1,5316002,3806009
2023-04-23,90,53,16,14,6,1,3705440,2798769
2023-04-24,116,68,27,14,4,3,4282291,2946921
2023-04-25,86,54,13,13,3,3,3506464,2670440
2023-04-26,79,49,14,9,3,4,2778829,2135096
2023-04-27,85,52,14,15,2,2,3672959,2759433
2023-04-28,83,46,21,9,5,2,2505705,1564958
2023-04-29,95,63,14,14,3,1,4586422,3728574
2023-04-30,76,46,14,9,3,4,2803236,1821541
2023-05-01,86,52,13,14,4,3,4613042,3943975
2023-05-02,89,48,20,15,5,1,3228495,1882760
2023-05-03,102,65,16,16,3,2,5000520,3673944
2023-05-04,104,65,17,13,5,4,3031638,2026269
2023-05-05,79,47,14,14,1,3,3480919,2577017
2023-05-06,116,63,22,21,7,3,5038127,3611896
2023-05-07,100,55,21,12,9,3,3949964,2447056
2023-05-08,111,61,25,18,6,1,5068654,3797974
2023-05-09,106,68,19,15,3,1,3922781,2880750
2023-05-10,100,56,18,18,4,4,4545565,2954955
2023-05-11,115,71,20,18,5,1,5472896,3890952
2023-05-12,119,79,13,19,6,2,4221348,3248681
2023-05-13,102,58,21,16,3,4,3691572,2564001
2023-05-14,105,62,20,19,3,1,4831993,3605431
2023-05-15,100,65,14,12,6,3,3567509,3002349
2023-05-16,109,57,22,20,5,5,4193437,2889399
2023-05-17,90,55,15,17,3,0,4946542,3932159
2023-05-18,100,58,15,16,6,5,3633773,2805906
2023-05-19,118,77,22,14,3,2,4058932,3151356
2023-05-20,115,77,19,13,4,2,5020712,3842275
2023-05-21,70,48,10,10,1,1,2037274,1417814
2023-05-22,94,57,17,11,4,5,2987247,2344953
2023-05-23,106,60,22,13,9,2,2124370,1181409
2023-05-24,108,70,20,13,2,3,4206063,3211377
2023-05-25,111,67,19,16,8,1,5549775,4311935
2023-05-26,104,59,18,21,4,2,3006948,1757987
2023-05-27,111,66,18,18,4,5,4859530,3656449
2023-05-28,128,73,25,21,8,1,4925278,3416131
2023-05-29,96,61,13,17,4,1,4205577,3083399
2023-05-30,112,69,21,16,5,1,3960324,2722174
2023-05-31,103,60,23,12,3,5,4150637,2910429
2023-06-01,102,68,18,7,8,1,2715974,2160664
2023-06-02,94,49,14,25,6,0,3562056,2271302
2023-06-03,126,74,28,18,6,0,5532214,4336830
2023-06-04,106,69,11,20,6,0,5318806,4186562
2023-06-05,115,69,18,22,6,0,5659504,4126490
2023-06-06,91,44,20,21,3,3,2991223,1896731
2023-06-07,116,72,15,20,5,4,4901159,3413104
2023-06-08,89,47,18,17,5,2,3475147,2559305
2023-06-09,103,61,15,18,6,3,3988911,2921213
2023-06-10,111,66,22,19,4,0,5424388,4300102
2023-06-11,122,79,13,25,4,1,4771934,3162008
2023-06-12,113,66,16,24,6,1,5416639,4039134
2023-06-13,112,61,23,17,9,2,4311933,3106608
2023-06-14,80,43,20,9,2,6,3202129,2411544
2023-06-15,81,49,19,10,2,1,4989313,4011677
2023-06-16,74,53,10,9,1,1,3904740,3308531
2023-06-17,91,57,14,17,3,0,3529654,2461700
2023-06-18,92,54,16,18,4,0,4603076,3181731
2023-06-19,111,67,14,18,9,3,3655731,2652918
2023-06-20,103,52,21,19,9,2,3972394,2553589
2023-06-21,101,62,16,14,5,4,2716489,1813963
2023-06-22,101,57,21,16,5,2,5357807,4079405
2023-06-23,110,61,22,18,7,2,3921170,2617042
2023-06-24,117,76,18,19,4,0,5082883,3989870
2023-06-25,90,48,21,11,7,3,4115388,2926587
2023-06-26,113,71,18,15,7,2,4335993,3251697
2023-06-27,82,45,19,12,1,5,3202619,2067081
2023-06-28,98,62,16,15,0,5,3658370,2606646
2023-06-29,103,64,16,14,8,1,4325768,3528259
2023-06-30,114,65,23,21,3,2,4496309,2945622
2023-07-01,125,72,20,21,9,3,3666901,2488778
2023-07-02,89,58,13,13,5,0,4239714,3366768
2023-07-03,78,48,13,10,3,4,4352716,3585114
2023-07-04,97,61,19,11,5,1,3835596,2777219
2023-07-05,121,78,17,17,6,3,5742361,4231787
2023-07-06,115,70,19,19,3,4,4120955,3165579
2023-07-07,128,79,19,19,8,3,4685071,3330536
2023-07-08,94,61,11,13,9,0,3414460,2601667
2023-07-09,95,62,18,11,2,2,3792061,2824566
2023-07-10,100,61,22,13,4,0,4758634,3382011
2023-07-11,95,62,9,18,5,1,4329677,3299897
2023-07-12,90,51,16,14,6,3,3219224,2543134
2023-07-13,110,65,22,17,3,3,5086487,3673023
2023-07-14,110,67,18,19,5,1,3546131,2264490
2023-07-15,98,63,15,15,3,2,3598307,3074416
2023-07-16,103,64,15,16,6,2,4561674,3228651
2023-07-17,99,58,19,14,6,2,4355626,3317411
2023-07-18,109,65,23,14,5,2,4564543,3229661
2023-07-19,107,61,19,18,4,5,4744609,3329719
2023-07-20,119,75,21,17,4,2,5038988,4073676
2023-07-21,100,62,16,13,8,1,2949813,1848376
2023-07-22,100,64,14,17,2,3,3310506,2513292
2023-07-23,87,51,20,9,4,3,3455360,2536515
2023-07-24,90,61,12,15,2,0,4258229,3203299
2023-07-25,90,53,17,14,3,3,3990433,2862580
2023-07-26,91,55,14,15,6,1,3286719,2211471
2023-07-27,75,41,15,11,4,4,3511295,2639447
2023-07-28,96,61,16,13,5,1,4387313,3297758
2023-07-29,83,51,13,14,2,3,2933736,2157616
2023-07-30,111,64,16,19,7,5,3263690,2215811
2023-07-31,116,76,17,21,2,0,5150703,3840000
2023-08-01,117,80,21,12,3,1,4282758,3254183
2023-08-02,113,73,17,17,3,3,4142816,2828457
2023-08-03,108,57,26,19,4,2,4762819,3257195
2023-08-04,99,64,17,14,1,3,3328001,2472380
2023-08-05,99,58,21,12,5,3,3570978,2588368
2023-08-06,99,58,16,19,5,1,4353926,3229425
2023-08-07,105,66,16,22,1,0,3920396,2769194
2023-08-08,93,55,16,11,8,3,3526360,2742057
2023-08-09,106,58,18,24,4,2,4599076,3169541
2023-08-10,105,63,21,14,6,1,3994328,2647579
2023-08-11,110,66,23,14,7,0,3776506,2590232
2023-08-12,115,75,16,18,3,3,4916511,3734057
2023-08-13,114,65,16,23,7,3,4251052,3093383
2023-08-14,104,63,25,11,2,3,3546833,2435863
2023-08-15,89,48,19,16,4,2,3581759,2801876
2023-08-16,112,62,16,21,9,4,3425310,2338417
2023-08-17,107,72,20,13,2,0,4456456,3540698
2023-08-18,102,57,16,18,8,3,3902500,2708982
2023-08-19,107,65,14,17,7,4,4424393,3181506
2023-08-20,104,61,23,15,3,2,5002249,3604527
2023-08-21,124,74,28,10,7,5,4028293,3179155
2023-08-22,93,59,15,13,3,3,3768611,2525962
2023-08-23,105,56,21,20,2,6,4303029,2896463
2023-08-24,106,72,17,14,3,0,4886744,3751592
2023-08-25,106,53,24,21,7,1,3361237,1990237
2023-08-26,116,76,17,13,8,2,4165015,3105940
2023-08-27,90,46,17,19,7,1,2571718,1507810
2023-08-28,101,60,19,18,2,2,4289871,3367156
2023-08-29,107,72,23,9,2,1,3917721,2708080
2023-08-30,93,53,16,16,7,1,3723312,2736105
2023-08-31,88,47,16,17,7,1,2679329,1753065
2023-09-01,100,55,21,19,1,4,4111487,2683024
2023-09-02,92,47,16,24,4,1,3941932,2912178
2023-09-03,91,59,10,16,4,2,3603283,2417880
2023-09-04,95,65,7,17,5,1,3469885,2754310
2023-09-05,106,60,24,15,7,0,4548661,3321811
2023-09-06,107,67,18,12,9,1,4174675,3177813
2023-09-07,107,62,16,16,5,8,4091129,3152075
2023-09-08,102,66,18,14,4,0,4163566,2984164
2023-09-09,97,57,19,16,2,3,4231106,2936258
2023-09-10,96,65,16,12,2,1,3787385,2815476
2023-09-11,102,49,25,23,4,1,4796345,3182613
2023-09-12,90,48,17,19,5,1,3367639,2317836
2023-09-13,104,66,17,14,4,3,3562679,2664219
2023-09-14,123,81,20,14,4,4,5460154,4676122
2023-09-15,100,58,20,18,3,1,3049537,1758360
2023-09-16,88,50,17,14,3,4,3040638,2022054
2023-09-17,71,40,11,13,5,2,2975509,2221555
2023-09-18,100,61,14,19,3,3,3133225,1843771
2023-09-19,106,67,17,19,1,2,4224052,3430783
2023-09-20,98,57,22,13,5,1,4539465,3363423
2023-09-21,106,61,15,19,7,4,3233977,1913004
2023-09-22,129,83,23,19,2,2,5065730,3619265
2023-09-23,82,48,9,16,7,2,2548449,1742560
2023-09-24,119,65,27,23,2,2,3659151,2214998
2023-09-25,105,61,19,19,4,2,4613234,3222080
2023-09-26,101,66,14,11,7,3,4250337,3497367
2023-09-27,107,62,16,18,6,5,3732312,2889925
2023-09-28,114,73,20,16,3,2,3666890,2533287
2023-09-29,113,68,18,16,8,3,3866345,2811199
2023-09-30,121,63,20,22,12,4,5001698,3430100
2023-10-01,105,64,15,20,4,2,3943338,2760654
2023-10-02,101,62,16,16,2,5,4594947,3478979
2023-10-03,109,68,19,15,6,1,4513999,3193193
2023-10-04,110,63,19,19,5,4,3786070,2462991
2023-10-05,109,66,21,12,7,3,3599304,2747803
2023-10-06,108,73,12,12,8,3,4409316,3658016
2023-10-07,85,42,18,17,7,1,3598813,2057247
2023-10-08,105,73,13,10,4,5,4066171,3373814
2023-10-09,105,63,17,20,4,1,3828364,2828967
2023-10-10,117,74,18,16,5,4,6085503,4304820
2023-10-11,96,57,15,15,5,4,3210249,2556993
2023-10-12,131,79,18,25,7,2,4331831,3062602
2023-10-13,106,58,25,8,11,4,2870214,1897383
2023-10-14,113,65,24,12,9,3,5171261,3765952
2023-10-15,93,59,12,15,4,3,3846036,3005508
2023-10-16,83,42,20,20,0,1,3595029,2422155
2023-10-17,86,58,12,12,2,2,2173523,1469039
2023-10-18,87,54,9,16,5,3,4071778,3098946
2023-10-19,91,49,19,16,5,2,4220110,3028015
2023-10-20,104,64,20,15,4,1,3831405,2746392
2023-10-21,81,47,10,16,6,2,3033406,2007536
2023-10-22,64,30,15,12,4,3,2643136,2010908
2023-10-23,80,50,14,12,3,1,2610823,1620702
2023-10-24,83,51,15,11,4,2,3237608,2240799
2023-10-25,84,47,17,10,6,4,2955511,1967881
2023-10-26,74,50,12,6,5,1,2861837,2221127
2023-10-27,77,43,12,18,1,3,2847957,1735667
2023-10-28,61,32,8,14,3,4,2012967,1277855
2023-10-29,102,61,14,17,7,3,4457442,3352358
2023-10-30,109,71,12,21,3,2,4599597,3108422
2023-10-31,92,54,16,18,2,2,4239204,3084244
2023-11-01,93,62,14,10,5,2,3336246,2387930
2023-11-02,105,67,17,12,6,3,3340988,2533890
2023-11-03,100,69,14,11,4,2,4072526,3144204
2023-11-04,59,28,14,12,5,0,3028887,1796120
2023-11-05,66,40,7,14,4,1,2563455,1756049
2023-11-06,65,43,9,8,4,1,2916391,2339122
2023-11-07,62,31,16,10,4,1,1924257,1071010
2023-11-08,66,39,6,15,4,2,3005055,2224178
2023-11-09,88,53,18,9,5,3,3445415,2648536
2023-11-10,95,52,19,19,4,1,3748170,2800317
2023-11-11,100,67,11,14,5,3,3815394,3016682
2023-11-12,109,67,14,18,7,3,3742415,3053686
2023-11-13,105,67,12,18,5,3,3403343,2386185
2023-11-14,87,56,13,12,3,3,3943995,3210859
2023-11-15,85,54,11,18,2,0,2359359,1361988
2023-11-16,59,30,11,12,2,4,3099836,2250287
2023-11-17,70,43,12,14,1,0,3219160,2345772
2023-11-18,79,52,9,11,7,0,2792387,2199689
2023-11-19,76,35,12,20,5,4,2875222,1707762
2023-11-20,70,45,10,12,2,1,1918459,1106633
2023-11-21,68,42,10,10,3,3,3204946,2124712
2023-11-22,61,37,7,14,1,2,1778143,1011297
2023-11-23,60,33,14,10,2,1,1772642,1038072
2023-11-24,79,47,11,16,3,2,2467543,1492290
2023-11-25,60,36,11,9,4,0,2743950,1960633
2023-11-26,55,41,8,5,1,0,3642744,3124322
2023-11-27,73,46,10,9,5,3,3571706,2927312
2023-11-28,81,52,13,13,2,1,3460215,2682146
2023-11-29,68,37,13,12,3,3,2991865,2203502
2023-11-30,62,42,6,12,1,1,2674863,2029393
2023-12-01,68,42,11,9,2,4,2929853,2419739
2023-12-02,69,38,14,12,3,2,3476773,2813831
2023-12-03,85,52,10,17,5,1,4128678,3036334
2023-12-04,88,51,9,20,4,4,3729699,2660585
2023-12-05,85,53,14,9,5,4,3191503,2485838
2023-12-06,81,54,19,3,3,2,2715775,2117551
2023-12-07,84,48,14,17,2,3,3928612,2912445
2023-12-08,68,41,11,14,2,0,2189833,1285358
2023-12-09,66,41,10,10,5,0,3048816,2466665
2023-12-10,72,45,9,12,3,3,1771438,1264158
2023-12-11,62,39,14,7,2,0,2466636,1637915
2023-12-12,76,45,11,14,3,3,2944503,1776043
2023-12-13,75,38,14,17,4,2,2418777,1394271
2023-12-14,59,31,10,9,5,4,2583960,1965214
2023-12-15,70,45,12,10,2,1,3178044,2418811
2023-12-16,64,36,13,14,1,0,2876471,1946420
2023-12-17,70,39,13,11,4,3,2631288,1940376
2023-12-18,56,33,12,6,3,2,2332771,1590582
2023-12-19,75,45,13,12,2,3,2105615,1240422
2023-12-20,73,43,9,16,3,2,2899905,2179269
2023-12-21,79,41,15,18,2,3,2972202,1887992
2023-12-22,82,48,14,13,7,0,2964858,2098142
2023-12-23,77,55,8,9,2,3,2435447,1855039
2023-12-24,68,39,12,11,5,1,2589832,1826548
2023-12-25,87,52,9,13,11,2,3516214,2643843
2023-12-26,75,50,8,12,2,3,3350308,2707690
2023-12-27,71,42,15,11,2,1,2126058,1170022
2023-12-28,99,62,18,13,4,2,4259224,3270756
2023-12-29,86,50,14,14,6,2,2777998,1855903
2023-12-30,83,49,13,13,7,1,3973611,3081229
2023-12-31,70,46,13,10,1,0,3394938,2894668
2024-01-01,60,39,5,11,2,3,2655306,2237537
2024-01-02,73,48,9,11,2,3,3154542,2308302
2024-01-03,74,38,17,13,3,3,3793387,2902755
2024-01-04,79,47,9,16,5,2,3221271,2229185
2024-01-05,77,49,9,10,7,2,3001399,2499608
2024-01-06,72,45,12,12,1,2,3017093,2324709
2024-01-07,66,41,11,11,2,1,3235534,2537313
2024-01-08,68,43,7,12,3,3,2501795,1696204
2024-01-09,49,35,4,8,1,1,1899867,1554657
2024-01-10,60,34,12,10,2,2,2074489,1049313
2024-01-11,74,52,6,8,6,2,3854937,3447433
2024-01-12,75,49,8,11,4,3,2631381,2120832
2024-01-13,69,44,11,9,5,0,2706104,1946603
2024-01-14,85,52,12,14,6,1,3049499,2153034
2024-01-15,100,68,11,17,3,1,4768936,3925997
2024-01-16,87,54,14,12,3,4,3673948,2759801
2024-01-17,74,40,18,9,4,3,3521648,2691610
2024-01-18,63,42,9,8,2,2,1736825,1344347
2024-01-19,58,32,10,11,3,2,2124456,1473983
2024-01-20,85,43,17,19,4,2,2826682,1529902
2024-01-21,68,44,11,10,1,2,2299502,1597183
2024-01-22,75,42,15,10,4,4,3322027,2309697
2024-01-23,91,43,19,20,5,4,3000140,1674978
2024-01-24,85,54,12,9,6,4,3236589,2620662
2024-01-25,69,43,11,11,3,1,3671566,2862232
2024-01-26,82,51,13,8,8,2,2157335,1551296
2024-01-27,67,40,9,14,2,2,3510281,2638859
2024-01-28,84,40,16,14,10,4,2994750,2395012
2024-01-29,62,34,10,13,3,2,2901831,2166534
2024-01-30,56,34,8,9,4,1,2965083,2451394
2024-01-31,71,48,10,10,0,3,2881765,1812511
2024-02-01,85,50,15,12,5,3,3821500,3098068
2024-02-02,58,32,10,12,1,3,3928077,3229953
2024-02-03,64,33,14,13,3,1,2157742,1463719
2024-02-04,61,32,14,12,3,0,2281407,1463247
2024-02-05,67,43,7,13,2,2,2843145,2399504
2024-02-06,70,32,18,14,2,4,1967479,1194725
2024-02-07,80,45,15,14,5,1,2710087,1809302
2024-02-08,78,51,11,11,3,2,2835890,2462308
2024-02-09,67,35,17,11,2,2,2007418,1043391
2024-02-10,77,44,13,17,2,1,3549888,2357111
2024-02-11,78,48,11,14,3,2,3397472,2464580
2024-02-12,74,48,12,10,4,0,2760221,1918590
2024-02-13,62,32,12,12,4,2,2994408,2099381
2024-02-14,67,44,14,5,2,2,2830831,2107320
2024-02-15,93,55,16,15,4,3,2998547,1910793
2024-02-16,88,56,13,16,1,2,4135794,3094401
2024-02-17,74,49,11,10,4,0,3137552,2562091
2024-02-18,65,35,16,10,0,4,2174536,1463955
2024-02-19,66,39,14,6,5,2,2926844,2265698
2024-02-20,75,44,9,16,4,2,2880592,2186112
2024-02-21,70,42,10,15,2,1,3201489,2232936
2024-02-22,57,35,11,7,2,2,2456560,1939589
2024-02-23,66,31,16,13,4,2,1665675,651185
2024-02-24,81,54,11,12,3,1,3824964,3020490
2024-02-25,81,51,13,13,1,3,3386389,2672285
2024-02-26,77,42,16,17,1,1,3437938,2604242
2024-02-27,63,42,4,11,4,2,2434764,1728595
2024-02-28,76,42,15,14,3,2,2282634,1176609
2024-02-29,67,36,17,11,3,0,2222920,1279320
2024-03-01,76,42,20,12,0,2,3563258,2667248
2024-03-02,59,30,9,12,4,4,1712937,742773
2024-03-03,91,52,13,15,6,5,3181353,2165151
2024-03-04,89,64,12,9,2,2,4408281,3232756
2024-03-05,74,46,13,8,5,2,2929138,2262691
2024-03-06,63,40,8,10,3,2,3471412,2732954
2024-03-07,84,45,12,20,6,1,2761134,1904220
2024-03-08,108,65,18,16,7,2,4073997,2979412
2024-03-09,82,46,14,15,4,3,2727708,1582183
2024-03-10,66,35,15,11,5,0,3461470,2555138
2024-03-11,100,60,14,21,3,2,3333919,2461118
2024-03-12,111,68,17,15,6,5,4385778,3301612
2024-03-13,90,50,20,11,6,3,3694807,2595965
2024-03-14,119,71,18,21,6,3,4687237,3477463
2024-03-15,105,63,13,20,5,4,4172506,3088515
2024-03-16,127,72,28,21,5,1,5542794,3890020
2024-03-17,99,65,13,14,5,2,4416263,3487795
2024-03-18,106,59,20,20,5,2,3803253,2393652
2024-03-19,109,51,22,20,7,9,3991226,2525025
2024-03-20,119,71,19,20,4,5,6036246,4372624
2024-03-21,108,63,21,17,3,4,3755486,2830497
2024-03-22,99,61,18,15,4,1,3998577,3001079
2024-03-23,96,49,12,26,6,3,3583424,2109141
2024-03-24,93,57,17,14,4,1,2660915,1694836
2024-03-25,102,61,14,20,6,1,4482761,3319580
2024-03-26,78,45,20,9,2,2,2570273,1618296
2024-03-27,95,60,16,9,5,5,3095966,2413485
2024-03-28,83,51,14,11,5,2,3290659,2422788
2024-03-29,95,64,10,15,5,1,4779619,4024373
2024-03-30,93,55,17,14,6,1,5132129,3867294
2024-03-31,105,68,13,17,4,3,4413066,3403246
2024-04-01,95,59,17,12,4,3,3078137,2318689
2024-04-02,109,58,16,25,4,6,3750299,2185971
2024-04-03,112,61,20,22,7,2,4881154,3236727
2024-04-04,95,62,16,8,3,6,3412232,2817118
2024-04-05,107,58,18,15,11,5,3899551,3066185
2024-04-06,124,70,18,30,4,2,5324486,3883284
2024-04-07,99,58,22,15,3,1,3767901,2855319
2024-04-08,116,65,17,18,9,7,3284124,2257948
2024-04-09,109,67,17,14,9,2,3673816,2796706
2024-04-10,110,67,20,19,2,2,5004512,3504215
2024-04-11,96,62,12,13,5,4,3558536,2735143
2024-04-12,106,56,30,11,5,4,3795062,2359460
2024-04-13,115,74,13,23,5,0,4694953,3384163
2024-04-14,98,62,14,17,3,2,4733725,3634521
2024-04-15,93,55,9,19,4,6,3783754,2755806
2024-04-16,78,48,14,9,2,5,3764807,3193904
2024-04-17,70,42,10,13,4,1,1888462,1184755
2024-04-18,77,48,8,17,0,4,2811131,2051320
2024-04-19,99,62,19,15,2,1,4805216,3823627
2024-04-20,104,65,14,21,4,0,4330130,3156322
2024-04-21,104,66,18,14,5,1,4460959,3458394
2024-04-22,106,68,12,16,6,4,3040849,2399714
2024-04-23,109,64,18,21,5,1,3912490,2426852
2024-04-24,105,60,23,15,4,3,4912113,3622143
2024-04-25,85,51,17,11,3,3,3941045,2992550
2024-04-26,94,49,24,18,0,3,3800599,2338700
2024-04-27,103,69,18,14,1,1,3326967,2548414
2024-04-28,88,57,10,15,3,3,4201808,3290936
2024-04-29,81,44,14,18,2,3,2588165,1491754
2024-04-30,124,72,22,21,5,4,3780623,2365738
2024-05-01,108,65,18,18,3,4,4725823,3461764
2024-05-02,65,37,12,12,4,0,2348504,1633914
2024-05-03,77,44,18,12,1,2,3427520,2463153
2024-05-04,116,75,18,14,6,3,4340901,3295786
2024-05-05,112,72,20,14,4,2,4760842,3882108
2024-05-06,103,59,25,11,7,1,4410064,3294131
2024-05-07,106,69,16,14,4,3,4802783,3524648
2024-05-08,99,53,16,23,2,5,2575322,1471054
2024-05-09,104,63,15,17,8,1,4028970,2978688
2024-05-10,94,51,14,20,3,6,4528470,3631932
2024-05-11,125,73,20,18,9,5,4031499,3184767
2024-05-12,97,53,19,19,5,1,2849904,1464233
2024-05-13,126,77,21,18,7,3,6621255,5507350
2024-05-14,106,68,19,15,4,0,3842034,2760889
2024-05-15,109,63,20,15,7,4,3384735,2339785
2024-05-16,107,64,19,16,3,5,3491203,2253933
2024-05-17,103,61,15,22,3,2,4008913,2626881
2024-05-18,116,57,28,19,7,5,3992363,2438287
2024-05-19,101,63,15,20,1,2,4208766,3075316
2024-05-20,106,55,21,16,5,9,3975370,2847049
2024-05-21,102,69,13,14,4,2,4600466,3536713
2024-05-22,106,59,17,24,6,0,3393396,2002467
2024-05-23,106,67,20,14,3,2,4396169,3488093
2024-05-24,118,66,17,24,8,3,4823773,3247477
2024-05-25,108,66,17,16,6,3,3994386,2855541
2024-05-26,114,70,21,17,3,3,3370506,2057396
2024-05-27,103,63,17,16,5,2,4375215,3161042
2024-05-28,120,71,20,19,5,5,5270446,4066590
2024-05-29,108,58,17,20,8,5,4151366,2897457
2024-05-30,101,58,15,17,9,2,3260374,2250761
2024-05-31,91,51,11,16,7,6,3646640,2717395
2024-06-01,99,61,22,13,2,1,4403535,3093160
2024-06-02,113,78,14,16,4,1,4611683,3527134
2024-06-03,107,65,18,17,4,3,4577194,3517393
2024-06-04,105,61,21,14,5,4,3806703,2636285
2024-06-05,101,55,25,14,3,4,4937603,3457765
2024-06-06,117,57,24,21,8,7,4004904,2693060
2024-06-07,102,61,19,16,5,1,3371901,2117925
2024-06-08,98,65,14,12,3,4,4034326,3318475
2024-06-09,110,77,15,12,3,3,4085010,3410887
2024-06-10,119,67,23,23,5,1,3737251,2249839
2024-06-11,106,62,14,20,6,4,2805469,2147617
2024-06-12,116,60,22,18,8,8,3996425,2691915
2024-06-13,113,56,26,19,7,5,4068189,2544384
2024-06-14,99,55,17,19,3,5,4289715,3217531
2024-06-15,114,67,14,22,7,4,3999894,2876943
2024-06-16,94,52,15,17,8,2,3956245,2878976
2024-06-17,96,66,17,8,2,3,4014287,2704315
2024-06-18,96,52,21,13,6,4,3340818,2362135
2024-06-19,105,59,21,19,3,3,4824105,3533785
2024-06-20,108,67,13,23,1,4,3654521,2548334
2024-06-21,86,52,14,9,5,6,3040090,2045005
2024-06-22,103,56,18,21,5,3,3442334,2457743
2024-06-23,96,56,21,15,2,2,3367108,2462698
2024-06-24,118,66,18,28,3,3,4739893,3052044
2024-06-25,116,69,22,17,4,4,4219043,2835334
2024-06-26,95,55,14,21,2,3,3168996,2212870
2024-06-27,117,79,15,14,6,3,3970536,2852129
2024-06-28,96,57,18,9,8,4,4211583,3321805
2024-06-29,99,54,19,22,4,0,3583694,2066719
2024-06-30,102,65,16,12,7,2,4364964,3348045
2024-07-01,92,44,26,15,4,3,3408971,1870717
2024-07-02,131,78,23,22,3,5,4385622,3034325
2024-07-03,106,62,19,18,3,4,3890546,2902267
2024-07-04,110,73,15,12,8,2,3340608,2357218
2024-07-05,89,53,16,13,4,3,3494552,2413545
2024-07-06,109,61,20,17,6,5,4475076,3278915
2024-07-07,104,68,18,10,5,3,4364320,3623801
2024-07-08,99,60,25,9,3,2,3160580,2050220
2024-07-09,127,76,25,15,5,6,4961708,3864638
2024-07-10,96,60,17,9,5,5,3240215,2550532
2024-07-11,130,70,25,23,8,4,4704940,3107431
2024-07-12,97,63,18,11,3,2,4118279,2756554
2024-07-13,105,57,20,19,8,1,3776023,2715252
2024-07-14,109,69,18,12,7,3,4224860,3411519
2024-07-15,97,64,11,14,5,3,3231193,2488111
2024-07-16,108,64,16,14,8,6,3067775,2175990
2024-07-17,120,68,17,23,8,4,5826943,4483491
2024-07-18,96,57,17,12,8,2,3384378,2326830
2024-07-19,98,60,17,13,6,2,4106777,3202544
2024-07-20,96,59,18,15,2,2,2598021,1603433
2024-07-21,102,59,17,19,4,3,4911081,3570772
2024-07-22,92,54,17,14,7,0,3558027,2314871
2024-07-23,95,53,21,18,2,1,4297333,3027497
2024-07-24,91,57,17,11,3,3,3692901,2696785
2024-07-25,119,76,15,17,5,6,4544249,3765743
2024-07-26,79,42,18,10,5,4,2891839,2086094
2024-07-27,107,66,22,10,5,4,4260667,3103310
2024-07-28,105,61,21,17,4,2,3806698,2649619
2024-07-29,100,61,17,14,5,3,4398875,3209615
2024-07-30,94,50,18,20,3,3,3568057,2330792
2024-07-31,93,64,14,9,3,3,3483167,2704215
2024-08-01,94,46,20,15,7,6,2633807,1782297
2024-08-02,92,59,16,12,2,3,3318698,2543637
2024-08-03,106,62,19,18,4,3,4179947,3192318
2024-08-04,100,58,20,12,4,6,2760912,1824423
2024-08-05,90,48,18,17,5,2,3781939,2317004
2024-08-06,88,56,17,8,4,3,3375829,2603612
2024-08-07,75,46,11,12,3,3,3082670,2453290
2024-08-08,89,61,16,8,0,4,3773799,2700370
2024-08-09,92,55,10,20,5,2,4036003,3024404
2024-08-10,110,66,17,17,8,2,4761786,3371308
2024-08-11,95,51,21,19,2,2,3283445,2214531
2024-08-12,99,68,8,16,5,2,3432563,2653310
2024-08-13,89,54,14,10,8,3,4273474,3385813
2024-08-14,89,48,21,14,5,1,3395644,2300352
2024-08-15,65,46,12,2,2,3,3228900,2710055
2024-08-16,85,43,18,15,8,1,3879402,2516520
2024-08-17,60,38,7,12,1,2,3260471,2806202
2024-08-18,63,42,14,4,1,2,2864117,2325520
2024-08-19,83,46,17,15,4,1,2752635,1891498
2024-08-20,62,35,16,10,1,0,3113851,2218449
2024-08-21,82,48,13,14,5,2,3325434,2608703
2024-08-22,84,41,20,14,6,3,2166093,956008
2024-08-23,100,48,26,16,5,5,4124644,2870371
2024-08-24,121,75,22,17,5,2,4367676,3115747
2024-08-25,96,54,14,18,6,4,3876454,2662249
2024-08-26,118,64,18,23,8,5,4524133,3121183
2024-08-27,112,71,25,10,3,3,3572727,2582657
2024-08-28,131,81,19,23,4,4,5752137,4301436
2024-08-29,111,69,21,16,2,3,2730227,1794550
2024-08-30,109,63,16,21,5,4,3977170,2669367
2024-08-31,80,51,13,11,4,1,2787739,2247768
2024-09-01,84,43,22,12,4,3,2331722,1364152
2024-09-02,91,52,16,16,3,4,3471295,2478274
2024-09-03,128,81,22,14,6,5,4372655,3319044
2024-09-04,117,74,18,19,3,3,4791533,3800708
2024-09-05,92,55,18,15,2,2,4006455,3080193
2024-09-06,106,55,28,15,4,4,4755718,3177309
2024-09-07,107,69,14,16,3,5,2803577,1705343
2024-09-08,93,47,23,22,0,1,3501371,1639533
2024-09-09,112,69,15,18,6,4,4629950,3596307
2024-09-10,110,63,20,15,8,4,4529012,3064101
2024-09-11,98,56,16,15,7,4,3329352,2402009
2024-09-12,109,61,19,23,5,1,4171215,2531908
2024-09-13,120,66,22,23,3,6,3622632,2069063
2024-09-14,112,65,21,18,5,3,4001374,2969081
2024-09-15,109,57,21,14,11,6,3527063,2432686
2024-09-16,93,53,16,15,7,2,3786498,2779312
2024-09-17,92,51,17,12,7,5,3456542,2226543
2024-09-18,122,72,22,21,6,1,5628397,4296140
2024-09-19,93,59,15,11,5,3,4072106,3248278
2024-09-20,105,63,21,14,3,4,2736201,1664293
2024-09-21,105,58,20,16,8,3,3597330,2347440
2024-09-22,107,56,21,19,8,3,3649001,2774319
2024-09-23,121,74,19,18,6,4,5728459,4425456
2024-09-24,111,65,18,17,5,6,3581078,2210481
2024-09-25,109,69,16,14,9,1,5125013,4037055
2024-09-26,90,53,13,17,4,3,2408453,1460247
2024-09-27,112,50,27,18,12,5,4293554,2709841
2024-09-28,120,70,25,17,5,3,3304331,2160689
2024-09-29,80,43,15,19,3,0,3897001,2546166
2024-09-30,71,41,19,7,4,0,3063369,2170164
2024-10-01,89,50,14,19,3,3,2912452,1946370
2024-10-02,131,72,25,21,7,6,5178889,3608351
2024-10-03,86,48,15,13,5,5,2518474,1503108
2024-10-04,97,58,19,13,5,2,3996781,2949049
2024-10-05,90,53,17,14,1,5,4315957,3288386
2024-10-06,85,41,21,13,8,2,2992172,2199476
2024-10-07,86,52,13,16,3,2,3724370,2665081
2024-10-08,94,54,17,12,8,3,3705047,2623729
2024-10-09,112,57,25,16,8,6,3958163,2622493
2024-10-10,107,55,21,22,6,3,4186417,2825581
2024-10-11,98,59,20,12,6,1,3798912,3010402
2024-10-12,115,67,27,11,5,5,4353774,3562871
2024-10-13,111,66,21,16,2,6,4099853,2626079
2024-10-14,80,45,17,13,4,1,3360522,2497227
2024-10-15,76,43,14,13,1,5,2608250,1624887
2024-10-16,73,47,14,5,6,1,2115850,1554570
2024-10-17,105,58,21,10,9,7,2847972,2073341
2024-10-18,98,58,14,15,7,4,4280033,3618751
2024-10-19,103,59,24,14,3,3,3353595,2332484
2024-10-20,105,55,22,22,2,4,3943602,2289650
2024-10-21,75,46,12,9,4,4,1947827,1296895
2024-10-22,69,38,15,9,2,5,2652450,1743660
2024-10-23,67,34,18,9,4,2,3439572,2419883
2024-10-24,102,54,21,19,2,6,4078826,2574432
2024-10-25,98,57,19,15,4,3,4274852,3263339
2024-10-26,82,40,25,5,6,6,2627440,1957650
2024-10-27,87,47,21,13,2,4,2851382,1616458
2024-10-28,59,38,8,10,3,0,2269789,1536959
2024-10-29,70,38,11,10,5,6,1994998,1223132
2024-10-30,71,39,14,12,2,4,1469117,742883
2024-10-31,70,33,19,15,3,0,2041481,1077547
2024-11-01,81,48,20,9,4,0,2563842,1687448
2024-11-02,97,58,18,10,9,2,3583779,2979947
2024-11-03,100,65,11,16,4,4,4079462,3114111
2024-11-04,120,62,28,18,7,5,4644357,3063825
2024-11-05,111,63,21,15,5,7,3801736,2892448
2024-11-06,91,52,20,15,3,1,4291074,3235603
2024-11-07,113,59,27,22,3,2,4474867,3000713
2024-11-08,99,58,15,19,4,3,4445544,3015581
2024-11-09,88,54,17,10,3,4,3797104,2916692
2024-11-10,99,54,22,17,5,1,3841872,2782889
2024-11-11,111,67,20,12,4,8,4351395,3536580
2024-11-12,78,43,13,16,4,2,3556935,2606223
2024-11-13,81,45,15,11,7,3,2714117,2122857
2024-11-14,72,37,15,8,7,5,2036137,1316521
2024-11-15,78,46,12,14,5,1,2653776,1502188
2024-11-16,72,37,15,18,2,0,3045332,1884570
2024-11-17,67,32,20,13,0,2,2427679,1490807
2024-11-18,81,48,14,12,3,4,3116595,2567880
2024-11-19,78,38,15,11,11,3,3027293,2167944
2024-11-20,75,46,11,11,4,3,2971547,2201729
2024-11-21,79,41,17,18,3,0,3888460,2822801
2024-11-22,75,39,17,10,5,4,2543622,1775459
2024-11-23,63,38,9,12,2,2,2178184,1537552
2024-11-24,70,38,15,13,3,1,2194399,1058476
2024-11-25,64,35,8,11,3,7,2952024,2301109
2024-11-26,59,30,10,12,5,2,2800489,2036424
2024-11-27,74,46,13,10,3,2,3991819,2850416
2024-11-28,71,43,9,14,3,2,1765183,1179862
2024-11-29,58,39,10,6,2,1,2426684,1651464
2024-11-30,91,44,28,12,7,0,3910074,2652004
2024-12-01,54,32,8,10,3,1,950506,240812
2024-12-02,68,42,8,12,3,3,2183317,1728012
2024-12-03,54,22,15,11,2,4,1431482,559952
2024-12-04,68,39,18,8,2,1,2104952,1311694
2024-12-05,88,47,16,18,6,1,3670580,2650264
2024-12-06,72,43,11,10,4,4,2211569,1686897
2024-12-07,68,43,10,10,4,1,3197174,2520446
2024-12-08,66,39,12,15,0,0,2558868,1789794
2024-12-09,76,38,16,15,6,1,3034344,1763372
2024-12-10,69,42,11,7,5,4,2965497,2249578
2024-12-11,73,37,15,12,7,2,1976718,1415972
2024-12-12,77,42,13,16,4,2,3063227,2040943
2024-12-13,81,43,18,15,3,2,2894260,2139932
2024-12-14,77,44,16,10,6,1,2466377,1679436
2024-12-15,65,35,12,11,7,0,3073106,2286624
2024-12-16,63,43,7,9,1,3,2138539,1563075
2024-12-17,66,35,16,8,5,2,1820978,1153539
2024-12-18,85,53,14,12,2,4,3760521,2876381
2024-12-19,75,39,20,10,0,6,1984860,1179321
2024-12-20,64,43,12,5,2,2,2131652,1464037
2024-12-21,81,48,20,12,0,1,2943054,2041931
2024-12-22,60,33,12,11,2,2,3220768,2333837
2024-12-23,50,29,9,5,5,2,1889694,1189716
2024-12-24,77,42,12,14,5,4,2665627,1738856
2024-12-25,87,40,15,19,5,8,3320130,2203732
2024-12-26,72,43,10,13,2,4,2521052,1520615
2024-12-27,72,41,18,9,2,2,3033416,2136957
2024-12-28,72,38,17,13,3,1,2311340,1478851
2024-12-29,56,38,11,4,3,0,2241728,1783238
2024-12-30,82,40,17,14,6,5,2669767,1724806
2024-12-31,72,37,13,16,6,0,2856099,1696423
2025-01-01,75,41,18,12,2,2,2863166,2225748
2025-01-02,65,37,14,7,2,5,2573736,1743466
2025-01-03,67,37,15,7,5,3,3188496,2615342
2025-01-04,77,40,19,14,3,1,2900630,1557733
2025-01-05,56,38,9,5,4,0,1851550,1457594
2025-01-06,54,25,11,13,3,2,1450968,564363
2025-01-07,63,34,10,12,3,4,2884952,1957933
2025-01-08,65,30,19,12,2,2,1942284,1083148
2025-01-09,64,37,13,10,3,1,2663159,1832266
2025-01-10,68,42,13,11,2,0,2661043,2050750
2025-01-11,80,49,16,11,3,1,3268762,2642729
2025-01-12,91,53,16,12,4,6,3813067,2919789
2025-01-13,64,38,10,11,3,2,2352411,1537924
2025-01-14,71,33,13,11,8,6,2220650,1433408
2025-01-15,66,33,10,15,4,4,2792939,1947788
2025-01-16,74,43,20,5,4,2,2434769,1650742
2025-01-17,76,46,15,10,1,4,3555557,2714135
2025-01-18,77,45,15,9,4,4,2740097,2236196
2025-01-19,65,32,15,11,3,4,2136392,1160028
2025-01-20,72,45,15,8,2,2,2300160,1665943
2025-01-21,71,38,11,14,4,4,2297933,1465745
2025-01-22,59,35,11,10,3,0,2617250,2133054
2025-01-23,62,41,10,9,2,0,2678134,1886518
2025-01-24,68,31,18,17,0,2,2832322,1654768
2025-01-25,89,52,15,17,2,3,2913588,2177915
2025-01-26,79,54,12,4,5,4,2975340,2569602
2025-01-27,73,41,18,12,2,0,2099337,1073686
2025-01-28,60,33,13,7,1,6,2189935,1458593
2025-01-29,83,48,16,12,5,2,2463689,1551214
2025-01-30,75,38,14,18,1,4,3341627,2554673
2025-01-31,78,46,21,4,5,2,2091899,1479761
2025-02-01,60,31,12,14,3,0,2302407,1439569
2025-02-02,59,40,8,7,3,1,1832543,1194124
2025-02-03,78,44,17,13,4,0,3291596,2068522
2025-02-04,80,46,12,15,3,4,2245546,1475376
2025-02-05,62,35,14,8,2,3,1878992,1112829
2025-02-06,77,34,18,16,5,4,2542055,1493448
2025-02-07,56,29,13,7,5,2,2041448,1309308
2025-02-08,60,33,12,11,4,0,2158574,1230252
2025-02-09,75,45,15,11,2,2,2149340,1623694
2025-02-10,66,45,5,9,4,3,3522982,2733106
2025-02-11,92,49,19,12,6,6,2553286,1912801
2025-02-12,100,59,17,15,4,5,4217636,3252718
2025-02-13,128,63,29,25,6,5,5045477,3211579
2025-02-14,75,47,11,10,5,2,2955771,2390359
2025-02-15,70,38,16,13,0,3,2499695,1548888
2025-02-16,67,40,10,11,3,3,2971658,2411271
2025-02-17,64,33,17,8,3,3,2604457,1837081
2025-02-18,83,39,22,11,8,3,2793145,2101234
2025-02-19,76,43,22,6,5,0,2812889,2200837
2025-02-20,67,45,11,6,4,1,2391814,1661163
2025-02-21,83,40,19,16,3,5,3357262,1995161
2025-02-22,114,65,24,17,7,1,4677146,3448889
2025-02-23,78,40,15,14,7,2,1737320,856058
2025-02-24,68,40,15,8,1,4,2314503,1777190
2025-02-25,64,39,12,10,2,1,2571769,1593506
2025-02-26,37,20,7,7,2,1,1085133,784662
2025-02-27,70,38,13,11,5,3,1124019,623847
2025-02-28,60,35,9,13,3,0,2622145,1082888
2025-03-01,65,36,9,12,5,3,2363447,1523394
2025-03-02,60,34,10,12,3,1,2781023,2047318
2025-03-03,74,54,10,9,1,0,3828684,3240590
2025-03-04,74,39,16,11,4,4,2698249,1544028
2025-03-05,71,40,14,14,3,0,2735751,1855781
2025-03-06,105,68,20,9,1,7,4049122,3273775
2025-03-07,82,56,12,7,6,1,2614493,1956564
2025-03-08,104,68,16,14,3,3,3691567,2759723
2025-03-09,63,36,12,9,6,0,2239097,1750104
2025-03-10,82,46,22,5,6,3,4326212,3440936
2025-03-11,74,37,15,14,4,4,3676423,2567557
2025-03-12,94,55,21,12,4,2,3633758,2365327
2025-03-13,79,44,18,13,3,1,2600664,1904997
2025-03-14,94,41,23,23,2,5,3711298,1654456
2025-03-15,77,45,16,9,6,1,2373548,1660592
2025-03-16,109,62,21,10,12,4,4160208,2910303
2025-03-17,76,35,13,17,11,0,2806213,1736797
2025-03-18,83,46,19,11,4,3,3508262,2893943
2025-03-19,81,45,19,10,3,4,2656177,1497961
2025-03-20,113,70,20,20,2,1,5091994,3637372
2025-03-21,91,55,16,9,7,4,2747495,1966341
2025-03-22,85,53,18,9,4,1,3676275,2945525
2025-03-23,79,40,18,15,6,0,2931585,1730454
2025-03-24,76,41,16,12,3,4,2790214,1634613
2025-03-25,61,36,8,9,3,5,1415305,824950
2025-03-26,56,24,16,13,2,1,1601148,817854
2025-03-27,64,34,17,11,1,1,3776666,2670274
2025-03-28,115,64,24,21,6,0,4168589,2716538
2025-03-29,110,68,19,17,4,2,4090010,2944362
2025-03-30,99,66,14,13,3,3,3242336,2403544
2025-03-31,101,54,15,19,5,8,3801096,2818174
2025-04-01,117,62,30,15,2,8,4328694,3025459
2025-04-02,115,60,19,18,9,9,3410613,2544880
2025-04-03,127,80,25,14,4,4,5240998,3912819
2025-04-04,105,60,14,21,6,4,5447477,4068086
2025-04-05,112,58,26,19,6,3,3882714,2763260
2025-04-06,104,58,25,10,9,2,4155664,2685482
2025-04-07,96,54,20,12,6,4,3432265,2479881
2025-04-08,106,69,15,13,2,7,4252160,3350720
2025-04-09,112,59,20,21,8,4,3401990,2230641
2025-04-10,99,55,23,15,4,2,4204356,3193992
2025-04-11,109,59,23,17,6,4,3957026,2906187
2025-04-12,100,50,22,20,4,4,4244929,3098466
2025-04-13,96,58,19,13,3,3,3921283,3043148
2025-04-14,104,56,20,12,11,5,4393479,3444282
2025-04-15,124,72,21,21,5,5,3417676,2032587
2025-04-16,101,60,24,12,5,0,4351758,3058780
2025-04-17,58,31,13,9,4,1,2151848,971818
2025-04-18,51,25,9,11,4,2,1557952,928919
2025-04-19,76,42,18,13,0,3,3104743,1875675
2025-04-20,80,50,19,9,1,1,3859798,2808057
2025-04-21,108,61,22,14,7,4,3810304,2787722
2025-04-22,124,61,25,24,7,7,4021055,2459374
2025-04-23,107,65,21,11,5,5,3659136,2625071
2025-04-24,122,64,26,16,9,7,3343846,2068468
2025-04-25,102,63,12,16,7,4,3852635,3138601
2025-04-26,110,67,20,14,3,6,4162666,3103280
2025-04-27,93,59,16,15,3,0,3231783,2287353
2025-04-28,94,52,19,19,2,2,3953703,2791742
2025-04-29,101,56,22,17,3,3,3626777,2404523
2025-04-30,118,63,28,19,5,3,4570623,3166598
2025-05-01,101,58,17,19,2,5,4681610,3396172
2025-05-02,97,63,19,9,3,3,3142313,2234276
2025-05-03,97,52,23,11,6,5,3802000,2890700
2025-05-04,77,48,12,11,4,2,3596074,2884464
2025-05-05,110,66,23,14,6,1,4377006,3074045
2025-05-06,105,54,26,20,3,2,3570651,2133741
2025-05-07,64,30,19,7,4,4,2621482,1797624
2025-05-08,85,41,21,13,6,4,2226951,935400
2025-05-09,101,58,21,15,4,3,2287330,1445163
2025-05-10,113,68,18,16,8,3,3817044,2596131
2025-05-11,107,69,18,11,7,2,3890066,3072802
2025-05-12,112,68,19,19,5,1,4831120,3493837
2025-05-13,99,54,14,19,8,4,3242513,2240828
2025-05-14,115,66,22,19,5,3,3907143,2875400
2025-05-15,105,61,27,8,7,2,4307806,2950498
2025-05-16,98,49,17,20,10,2,3881906,2564139
2025-05-17,105,56,28,12,4,5,3653166,2238507
2025-05-18,115,71,22,13,6,3,4269856,3174032
2025-05-19,114,64,22,14,10,4,4055872,3165537
2025-05-20,120,67,19,23,5,6,4464552,3318877
2025-05-21,115,63,24,16,8,4,3861747,2723501
2025-05-22,103,59,21,13,4,6,2735768,1756704
2025-05-23,119,68,16,25,6,4,4571462,3234111
2025-05-24,100,51,24,14,10,1,3674494,2280069
2025-05-25,106,53,26,23,2,2,3606583,2212664
2025-05-26,117,54,28,24,7,4,5044915,3616130
2025-05-27,97,53,26,12,3,3,3790793,2487890
2025-05-28,82,44,18,12,6,2,3530128,2607278
2025-05-29,112,73,13,15,7,4,5240454,4045410
2025-05-30,107,65,15,16,7,4,2807910,1867395
2025-05-31,94,51,21,15,3,4,3139400,2186634
2025-06-01,99,47,29,13,7,3,3557678,2207649
2025-06-02,121,66,28,18,8,1,4636331,3473409
2025-06-03,94,55,14,17,4,4,3523627,2218109
2025-06-04,110,67,25,6,6,6,4462507,3461280
2025-06-05,87,50,16,16,3,2,3982969,2634857
2025-06-06,71,43,13,12,0,3,1708501,979768
2025-06-07,77,45,9,15,5,3,3407132,2596020
2025-06-08,107,61,17,20,8,1,4406782,3204347
2025-06-09,133,69,32,22,7,3,5356359,3654936
2025-06-10,117,60,29,18,6,4,3888059,2781090
2025-06-11,99,50,22,18,6,3,3479971,2320057
2025-06-12,98,63,17,11,5,2,4057224,3216294
2025-06-13,113,66,13,20,9,5,3803022,2725831
2025-06-14,102,53,22,19,5,3,3638888,2061273
2025-06-15,102,63,17,13,4,5,4489258,3481253
2025-06-16,112,58,26,15,6,7,4255172,3132243
2025-06-17,85,49,18,13,4,1,3870210,2591660
2025-06-18,124,71,19,21,10,3,3673406,2654939
2025-06-19,101,53,26,14,4,4,4354676,3425533
2025-06-20,88,49,19,11,6,3,3157368,2078094
2025-06-21,118,68,24,15,6,5,3705347,2294139
2025-06-22,96,60,19,11,4,2,4178605,3226492
2025-06-23,87,39,19,18,8,3,3033554,1936442
2025-06-24,108,65,22,12,8,1,3675161,2757877
2025-06-25,104,68,14,15,6,1,3850337,3130021
2025-06-26,99,55,27,12,3,2,4222912,3072869
2025-06-27,116,70,22,11,9,4,3499058,2452105
2025-06-28,104,58,21,17,6,2,4248286,3215116
2025-06-29,102,55,20,17,5,5,3538039,2473998
2025-06-30,93,49,17,12,12,3,3337974,2427179
2025-07-01,85,44,20,13,6,2,2590824,1658116
2025-07-02,93,54,19,14,4,2,3379303,2182855
2025-07-03,83,48,15,11,2,7,3096953,2194170
2025-07-04,96,58,18,13,6,1,3883340,2799793
2025-07-05,98,62,17,12,5,2,2965941,2106511
2025-07-06,76,45,13,13,3,2,2349972,1374650
2025-07-07,70,31,19,9,8,3,2843158,2078031
2025-07-08,77,42,16,10,7,2,2274226,1359103
2025-07-09,91,60,12,12,1,6,4333939,3514007
2025-07-10,111,62,23,16,8,2,4401946,3068082
2025-07-11,85,55,12,11,3,4,4279989,3344799
2025-07-12,106,62,23,18,0,3,4749611,3912441
2025-07-13,95,53,17,20,3,2,3196559,2124256
2025-07-14,116,69,19,18,5,5,3948693,2691895
2025-07-15,109,53,31,16,5,4,4523300,3182087
2025-07-16,111,67,14,23,3,4,4413860,3082708
2025-07-17,116,61,19,23,8,5,4814267,3498766
2025-07-18,81,42,19,15,4,1,3142360,2239938
2025-07-19,86,52,17,11,4,2,3174166,2304512
2025-07-20,112,64,25,15,6,2,4329749,2986319
2025-07-21,88,47,17,13,8,3,4062426,3056542
2025-07-22,96,44,25,9,10,8,3309647,2079937
2025-07-23,100,60,12,17,6,5,3222202,2499493
2025-07-24,88,47,16,19,3,3,3391946,2124879
2025-07-25,82,48,17,9,4,4,3213941,2478169
2025-07-26,93,63,16,8,3,3,3627455,2833815
2025-07-27,102,59,15,16,8,4,4203963,3299079
2025-07-28,96,55,19,13,5,4,2877592,2051368
2025-07-29,98,54,23,11,5,5,3572585,2517124
2025-07-30,110,65,19,14,7,5,4936062,3597243
2025-07-31,102,55,22,17,6,2,3088972,2103165
2025-08-01,75,52,12,8,1,2,2601694,1754952
2025-08-02,103,60,18,16,5,4,4778825,3713856
2025-08-03,80,43,16,15,4,2,3434668,2459241
2025-08-04,72,39,12,14,2,5,2546290,1525727
2025-08-05,105,54,27,14,4,6,4512049,3419438
2025-08-06,72,33,11,18,5,5,2611435,1483852
2025-08-07,70,39,18,3,6,4,2991192,2293325
2025-08-08,75,43,13,13,2,4,2281609,1629400
2025-08-09,71,42,15,7,4,3,3073615,2350268
2025-08-10,98,57,16,18,3,4,3791292,2779055
2025-08-11,101,59,18,14,6,4,3608588,2686975
2025-08-12,127,68,28,20,9,2,4292322,2725047
2025-08-13,120,71,20,20,4,5,4040652,2511282
2025-08-14,103,57,16,17,7,6,3791593,2743608
2025-08-15,75,49,12,6,6,2,2552729,1917237
2025-08-16,82,45,14,16,5,2,3493655,1925877
2025-08-17,127,74,19,20,6,8,5119655,4001781
2025-08-18,94,49,17,22,3,3,3365287,2055719
2025-08-19,106,53,26,16,5,6,5453458,3953849
2025-08-20,86,49,19,11,5,2,3696907,2942038
2025-08-21,81,48,13,15,3,2,3631576,2451059
2025-08-22,115,73,19,10,6,7,3891785,3049896
2025-08-23,87,52,19,9,5,2,3138347,2162407
2025-08-24,104,56,23,17,4,4,4266823,3069295
2025-08-25,90,49,20,9,9,3,3081808,2260610
2025-08-26,82,39,17,11,10,5,2709157,1976976
2025-08-27,90,45,14,19,7,5,3591188,2630494
2025-08-28,108,64,16,17,6,5,3242102,2418119
2025-08-29,101,51,23,15,7,5,3580056,2275780
2025-08-30,121,74,17,17,8,5,5570397,4309715
2025-08-31,109,60,18,18,7,6,3339679,2584331
2025-09-01,114,69,29,8,6,2,3981741,2868315
2025-09-02,81,45,14,16,4,2,2710254,1688845
2025-09-03,86,39,15,19,6,7,3180896,2091423
2025-09-04,61,39,9,8,3,2,1927643,1456304
2025-09-05,121,75,23,19,3,1,4838728,3599143
2025-09-06,104,64,18,13,6,3,3809733,2742870
2025-09-07,101,55,18,17,8,3,4803269,3010705
2025-09-08,99,58,19,14,4,4,3943058,2653045
2025-09-09,85,43,20,14,6,2,3095470,1668185
2025-09-10,86,44,16,11,10,5,2938848,2267581
2025-09-11,69,33,15,9,9,3,2479423,1620037
2025-09-12,61,41,8,7,4,1,1766235,1201950
2025-09-13,61,32,19,7,1,2,2541421,1480424
2025-09-14,64,39,10,10,3,2,1987819,1363264
2025-09-15,76,34,16,16,7,3,1820987,1085154
2025-09-16,99,62,18,12,1,6,3485398,2354138
2025-09-17,107,55,26,15,3,8,3133846,2286099
2025-09-18,115,66,21,20,2,6,4250885,2928645
2025-09-19,77,37,20,8,8,4,3303319,2171937
2025-09-20,64,46,7,10,1,0,2384164,1777491
2025-09-21,73,51,9,11,1,1,2159952,1632000
2025-09-22,63,37,6,12,6,2,1961959,1496639
2025-09-23,88,53,19,9,3,4,3673182,2720643
2025-09-24,90,52,14,13,5,6,3138412,2236283
2025-09-25,62,26,21,9,5,1,2610617,1745296
2025-09-26,76,38,14,22,1,1,2094117,889704
2025-09-27,102,60,17,16,9,0,4126879,3006967
2025-09-28,124,76,22,18,8,0,5198166,3732513
2025-09-29,129,70,23,22,5,9,4259656,2652585
2025-09-30,100,56,21,9,10,4,3284740,2097595
2025-10-01,116,72,17,14,11,2,4190857,3296811
2025-10-02,94,56,19,13,1,5,5125971,4213415
2025-10-03,101,55,21,18,2,5,4217949,2985012
2025-10-04,118,73,26,12,4,3,2804847,1767642
2025-10-05,121,72,21,16,7,5,4557078,3521158
2025-10-06,89,44,20,17,6,2,3741189,2090605
2025-10-07,101,56,18,13,6,8,3511635,2677093
2025-10-08,55,26,12,10,3,4,1648055,1037540
2025-10-09,56,30,11,12,2,1,2155703,1496030
2025-10-10,69,31,14,14,8,2,1848378,979332
2025-10-11,69,39,15,7,5,3,2481336,1820603
2025-10-12,55,23,10,12,8,2,2037181,890370
2025-10-13,71,38,10,12,7,4,2639433,1636984
2025-10-14,120,63,27,19,7,4,6268750,4567780
2025-10-15,62,38,13,8,2,1,2026327,1592552
2025-10-16,51,28,11,9,2,1,2119801,1206092
2025-10-17,58,24,12,15,6,1,2289152,1208079
2025-10-18,72,43,12,9,6,2,2797815,1747594
2025-10-19,82,47,17,14,1,3,3438270,2057561
2025-10-20,82,48,10,15,3,6,3004065,1795983
2025-10-21,103,53,27,16,4,3,3501341,2285006
2025-10-22,116,65,20,16,8,7,4589674,3684915
2025-10-23,109,58,23,17,7,4,4201243,2955595
2025-10-24,104,63,16,19,4,2,3810703,2242037
2025-10-25,101,61,17,16,5,2,4862822,3609411
2025-10-26,99,59,20,13,6,1,4274201,3305933
2025-10-27,106,57,25,7,8,9,3628192,2798994
2025-10-28,103,52,28,18,3,2,3316791,1912261
2025-10-29,114,70,17,17,8,2,3921704,2918046
2025-10-30,95,48,18,15,7,7,3826916,2635302
2025-10-31,80,42,16,16,5,1,4365246,3436232
2025-11-01,74,47,13,11,2,1,2553874,1808993
2025-11-02,60,35,14,6,2,3,2549551,1878385
2025-11-03,51,25,6,14,5,1,1303075,680417
2025-11-04,74,50,10,10,2,2,1680727,987633
2025-11-05,78,47,12,13,2,4,3652477,2980784
2025-11-06,69,39,11,12,6,1,2673165,2011944
2025-11-07,77,36,15,16,7,3,2937349,2024502
2025-11-08,107,63,16,22,2,4,4229678,3348133
2025-11-09,71,45,10,9,4,3,3163747,2533855
2025-11-10,67,41,9,13,2,2,3080936,2050581
2025-11-11,100,60,21,12,4,3,3842763,3049537
2025-11-12,70,41,14,9,3,3,2607578,2040948
2025-11-13,100,51,18,22,8,1,3533633,1940299
2025-11-14,83,47,12,12,5,7,3926081,3239720
2025-11-15,69,38,13,12,3,3,3270241,2322682
2025-11-16,70,33,13,17,5,2,2610839,1322659
2025-11-17,60,33,11,10,5,1,2160568,1314019
2025-11-18,72,41,14,9,4,4,2558404,1609802
2025-11-19,64,38,9,12,1,4,2699564,1997768
2025-11-20,67,43,13,6,2,3,2793698,2064640
2025-11-21,49,32,8,7,2,0,2091681,1584138
2025-11-22,51,30,8,9,2,2,1264153,962561
2025-11-23,61,27,14,10,6,4,1354677,776010
2025-11-24,46,23,11,7,2,3,1638191,939319
2025-11-25,67,36,11,14,3,3,2433647,1565770
2025-11-26,51,32,5,5,6,3,1609519,1174915
2025-11-27,49,29,7,9,4,0,2611752,2042975
2025-11-28,50,26,6,14,2,2,1826655,1185354
2025-11-29,57,29,16,7,4,1,1413716,823763
2025-11-30,57,35,7,7,7,1,2880714,2472791
2025-12-01,65,35,6,14,10,0,3946406,3025778
2025-12-02,59,30,13,12,3,1,1933339,1234964
2025-12-03,51,26,11,8,2,4,2422386,1516768
2025-12-04,45,30,8,5,2,0,2400695,1715620
2025-12-05,44,26,2,13,3,0,1585789,1204017
2025-12-06,68,39,12,13,1,3,2017076,1323388
2025-12-07,64,40,9,9,4,2,2876026,2225547
2025-12-08,59,27,10,14,3,5,2187229,1135754
2025-12-09,82,46,12,16,6,2,2792137,1806733
2025-12-10,52,31,6,9,6,0,1826983,1006238
2025-12-11,50,30,7,7,4,2,2291678,1964902
2025-12-12,41,22,6,9,3,1,1729166,1184935
2025-12-13,46,26,9,4,5,2,1755425,1256662
2025-12-14,49,36,7,4,2,0,2760730,2455638
2025-12-15,47,18,13,9,4,3,2132683,1304890
2025-12-16,55,31,10,11,2,1,2870631,1891843
2025-12-17,50,32,4,10,2,2,1429475,862506
2025-12-18,55,33,10,8,3,1,2640513,1963432
2025-12-19,31,17,9,4,1,0,1341392,828897
2025-12-20,48,20,10,12,4,2,2038706,1143589
2025-12-21,54,29,13,11,0,1,1857869,719285
2025-12-22,46,26,5,9,5,1,1375594,858100
2025-12-23,58,26,16,13,1,2,3012110,1994683
2025-12-24,65,29,13,17,5,1,2117952,929216
2025-12-25,68,32,11,16,4,5,2404701,1167192
2025-12-26,62,36,10,10,6,0,3178834,2507207
2025-12-27,66,39,9,10,6,2,2669762,1867382
2025-12-28,55,24,4,15,10,2,2183289,1632034
2025-12-29,50,26,13,4,4,3,1462025,643850
2025-12-30,66,35,10,10,8,3,2531272,1680707
2025-12-31,71,46,10,8,3,4,1799417,1449369
2026-01-01,64,29,20,7,4,4,2664408,1713442
2026-01-02,51,23,7,16,4,1,2065317,1162313
2026-01-03,59,34,15,4,4,2,2839469,1748158
2026-01-04,49,26,8,11,1,3,2143949,1127400
2026-01-05,61,30,12,12,6,1,2711045,1948403
2026-01-06,61,31,15,5,7,3,1024199,379967
2026-01-07,66,37,12,10,4,3,2122045,1536799
2026-01-08,62,37,8,12,3,2,3008400,2085390
2026-01-09,74,40,9,15,6,4,3727608,2991391
2026-01-10,63,34,10,10,5,4,1777076,1184808
2026-01-11,64,31,16,11,2,4,2698117,1935469
2026-01-12,52,34,8,4,2,4,2028340,1663154
2026-01-13,53,26,12,10,3,2,1329359,641841
2026-01-14,61,34,4,14,7,2,1828588,1260279
2026-01-15,62,35,14,9,3,1,2717989,1845107
2026-01-16,53,29,6,10,3,5,1803234,1066232
2026-01-17,38,23,5,8,2,0,1445923,901828
2026-01-18,54,20,12,10,9,3,2205633,1302150
2026-01-19,58,29,9,11,7,2,2329720,924715
2026-01-20,58,33,8,11,2,4,2084853,1253055
2026-01-21,56,29,16,7,2,2,2817276,2051286
2026-01-22,64,38,5,15,2,4,2283905,1411533
2026-01-23,48,24,9,7,8,0,1816685,1230089
2026-01-24,46,21,9,10,4,2,1375843,878943
2026-01-25,64,41,9,8,3,3,3131426,2629818
2026-01-26,43,19,7,7,7,3,1789952,1238981
2026-01-27,61,30,19,5,5,2,1723064,1253238
2026-01-28,54,28,8,9,6,3,1713078,1214507
2026-01-29,72,41,13,11,5,2,2316681,1593036
2026-01-30,71,39,14,10,4,4,2475446,1648687
2026-01-31,70,40,9,13,7,1,3011406,1652157
2026-02-01,49,19,10,11,4,5,1646216,1035130
2026-02-02,67,41,11,6,6,3,3449459,2714863
2026-02-03,66,33,13,10,10,0,2028119,1211012
2026-02-04,43,20,9,6,6,2,1481118,986199
2026-02-05,71,36,12,14,7,2,2679244,1814047
2026-02-06,60,34,7,14,2,3,1694325,1050896
2026-02-07,60,40,6,12,1,1,2748142,2323504
2026-02-08,58,32,11,8,6,1,1605017,1066129
2026-02-09,53,33,4,12,1,3,1763162,999250
2026-02-10,65,39,11,9,4,2,3290551,2479703
2026-02-11,81,49,10,14,5,3,2028460,1444919
2026-02-12,68,32,11,14,8,3,2682780,1916098
2026-02-13,103,54,20,18,6,5,3755606,2415490
2026-02-14,91,53,17,16,4,1,3605080,2559173
2026-02-15,74,42,9,17,4,2,2608269,1436990
2026-02-16,54,35,8,5,5,1,2274188,1965358
2026-02-17,75,40,14,11,5,5,2900635,1902017
2026-02-18,109,54,22,19,7,7,4341719,2925472
2026-02-19,115,63,23,23,4,2,5208398,3441832
2026-02-20,94,55,20,11,6,2,3974738,2985825
2026-02-21,86,53,9,19,3,2,2432463,1816744
2026-02-22,127,69,31,19,5,3,5235136,3572104
2026-02-23,104,65,11,14,8,6,2632999,1956111
2026-02-24,93,49,15,19,4,6,3251647,1756199
2026-02-25,116,59,31,17,6,3,5597047,4168541
2026-02-26,89,45,15,12,13,4,1844542,909158
2026-02-27,64,37,5,15,6,1,1863357,1196784
2026-02-28,57,36,5,11,4,1,2946748,2598963
2026-03-01,20,5,3,9,3,0,494931,153007
2026-03-02,4,1,0,3,0,0,61822,0
2026-03-03,4,1,1,2,0,0,103665,6701
2026-03-04,0,0,0,0,0,0,0,0
2026-03-05,3,1,0,1,1,0,24031,0
2026-03-06,2,0,0,0,2,0,143,0
2026-03-07,3,1,0,2,0,0,102414,0
2026-03-08,2,0,0,2,0,0,51168,0
2026-03-09,2,1,0,0,1,0,1599,0
2026-03-10,2,1,0,1,0,0,42122,42122
2026-03-11,2,0,1,1,0,0,123362,0
2026-03-12,1,0,1,0,0,0,0,0
2026-03-13,0,0,0,0,0,0,0,0
2026-03-14,1,0,1,0,0,0,0,0
2026-03-15,7,2,2,3,0,0,363277,339183
2026-03-16,4,0,0,2,2,0,0,0
2026-03-17,1,1,0,0,0,0,47804,47804
2026-03-18,0,0,0,0,0,0,0,0
2026-03-19,0,0,0,0,0,0,0,0
2026-03-20,3,2,0,1,0,0,193637,118692
2026-03-21,0,0,0,0,0,0,0,0
2026-03-22,2,0,0,2,0,0,31388,0
2026-03-23,4,2,0,2,0,0,137492,48834
2026-03-24,2,1,0,0,1,0,12988,0
2026-03-25,2,2,0,0,0,0,3212,3212
2026-03-26,4,0,0,4,0,0,73148,0
2026-03-27,2,0,0,2,0,0,68784,0
2026-03-28,6,1,0,5,0,0,97272,0
2026-03-29,5,2,0,2,1,0,124948,5464
2026-03-30,6,3,2,0,1,0,109762,0
2026-03-31,5,2,1,1,1,0,84095,70842
2026-04-01,7,1,0,4,2,0,87033,4062
2026-04-02,1,0,0,1,0,0,40276,0
2026-04-03,3,2,0,1,0,0,147579,97195
2026-04-04,11,3,1,6,1,0,134722,38238
2026-04-05,4,4,0,0,0,0,264106,264106
2026-04-06,5,0,1,3,1,0,107315,0
2026-04-07,3,2,0,1,0,0,113878,69890
2026-04-08,3,0,0,3,0,0,35363,0
2026-04-09,8,5,0,2,1,0,217203,164591
2026-04-10,3,0,0,3,0,0,0,0
2026-04-11,7,3,1,2,1,0,402443,287665
2026-04-12,12,3,1,8,0,0,208464,33937
2026-04-13,7,4,1,1,1,0,106407,34634
2026-04-14,5,3,1,1,0,0,114192,30952
2026-04-15,7,4,1,2,0,0,344547,6839
2026-04-16,3,1,1,1,0,0,79186,75745
2026-04-17,8,3,0,5,0,0,5366,5366
2026-04-18,20,12,4,4,0,0,827847,516261
2026-04-19,2,1,0,0,1,0,11633,6839
2026-04-20,3,2,1,0,0,0,56282,36579
2026-04-21,4,3,0,0,1,0,76063,75113
2026-04-22,5,2,2,1,0,0,120039,0
2026-04-23,3,0,0,1,2,0,33377,0
2026-04-24,6,2,0,1,3,0,72566,33283
2026-04-25,4,2,0,1,1,0,107546,53759
2026-04-26,3,1,0,1,1,0,37503,0
2026-04-27,7,2,0,4,1,0,82042,30787
2026-04-28,10,3,2,2,3,0,452697,323392
2026-04-29,39,23,3,10,3,0,804846,136489
2026-04-30,11,4,3,2,2,0,175020,64253
2026-05-01,7,2,0,2,3,0,70976,36640
2026-05-02,6,4,0,2,0,0,93041,93041
2026-05-03,6,1,0,3,2,0,127798,0
2026-05-04,2,0,1,1,0,0,12784,0
2026-05-05,0,0,0,0,0,0,0,0
2026-05-06,0,0,0,0,0,0,0,0
2026-05-07,0,0,0,0,0,0,0,0
2026-05-08,0,0,0,0,0,0,0,0
2026-05-09,1,1,0,0,0,0,98525,98525
2026-05-10,7,2,1,2,2,0,457574,319376
2026-05-11,7,4,0,2,1,0,114837,88456
2026-05-12,3,1,0,0,1,1,344,0
2026-05-13,4,2,0,0,2,0,350554,349804
2026-05-14,10,3,1,1,5,0,65186,42976
2026-05-15,4,2,0,0,2,0,6679,5341
2026-05-16,7,1,0,5,1,0,178812,36579
2026-05-17,3,1,0,0,2,0,10961,0
2026-05-18,4,1,1,0,2,0,16651,13968
2026-05-19,4,3,1,0,0,0,609497,570517
2026-05-20,8,4,2,2,0,0,418971,290295
2026-05-21,5,2,0,2,1,0,74078,42682
2026-05-22,2,0,0,2,0,0,0,0
2026-05-23,6,1,0,1,4,0,312575,284471
2026-05-24,5,2,0,3,0,0,87734,6839
2026-05-25,4,0,1,2,1,0,86752,0
2026-05-26,4,2,0,1,1,0,0,0
2026-05-27,1,1,0,0,0,0,106096,106096
2026-05-28,2,0,0,1,1,0,65232,0
2026-05-29,1,0,0,0,0,1,6056,0
2026-05-30,4,0,0,2,2,0,52574,0
2026-05-31,5,0,1,1,3,0,48820,0
2026-06-01,2,1,0,1,0,0,90292,38238
2026-06-02,11,3,1,2,4,1,96510,33268
2026-06-03,9,3,0,3,3,0,115719,12593
2026-06-04,3,1,0,0,2,0,1047,0
2026-06-05,2,0,0,0,2,0,0,0
2026-06-06,2,0,0,2,0,0,93370,0
2026-06-07,2,0,0,0,2,0,366,0
2026-06-08,7,1,2,1,3,0,61448,6794
2026-06-09,4,2,0,1,1,0,110820,48671
2026-06-10,3,0,0,0,3,0,13825,0
2026-06-11,2,2,0,0,0,0,11142,11142
2026-06-12,1,1,0,0,0,0,11375,11375
2026-06-13,0,0,0,0,0,0,0,0
2026-06-14,0,0,0,0,0,0,0,0
2026-06-15,7,2,0,2,3,0,86520,0
2026-06-16,10,3,1,0,6,0,38841,35583
2026-06-17,8,0,2,4,2,0,135479,0
2026-06-18,20,10,1,7,2,0,824115,459872
2026-06-19,9,3,2,1,3,0,729047,600658
2026-06-20,25,12,1,7,5,0,856885,543037
2026-06-21,6,1,1,2,2,0,161589,65755
2026-06-22,16,12,0,4,0,0,505171,394079
2026-06-23,29,12,3,10,4,0,1372629,953326
2026-06-24,51,20,6,19,5,1,1964318,1261562
2026-06-25,46,21,8,12,5,0,1866357,1383947
2026-06-26,30,17,2,8,3,0,1000055,655492
2026-06-27,25,9,3,7,6,0,955285,552718
2026-06-28,16,7,3,2,4,0,289138,86241
2026-06-29,26,13,4,6,3,0,1287883,976186
2026-06-30,16,6,0,8,2,0,565738,232679
2026-07-01,29,18,2,4,5,0,1582436,1409459
2026-07-02,28,15,4,7,2,0,582502,235228
2026-07-03,24,17,1,5,1,0,1382128,1127426
2026-07-04,17,8,3,4,2,0,545114,353844
2026-07-05,22,16,0,5,1,0,892809,782230
2026-07-06,25,16,3,2,2,2,2314086,2149176
2026-07-07,26,10,1,8,3,4,1407775,1210489
2026-07-08,20,8,3,5,4,0,535304,316479
2026-07-09,10,3,3,2,2,0,166887,45539
2026-07-10,7,4,0,2,1,0,172119,50372
2026-07-11,6,3,0,3,0,0,228875,118896
2026-07-12,4,1,1,0,2,0,63878,58739
2026-07-13,10,2,1,3,4,0,65012,42247
2026-07-14,8,5,1,1,1,0,87376,45089
2026-07-15,9,3,1,4,1,0,214434,0
2026-07-16,6,1,2,1,2,0,28460,0
2026-07-17,1,1,0,0,0,0,1231,1231
2026-07-18,6,2,0,2,2,0,132322,36937
2026-07-19,4,2,1,0,1,0,54047,39216
2026-07-20,5,2,1,1,1,0,1207,0
2026-07-21,6,1,0,3,2,0,71614,43064
2026-07-22,6,1,0,1,4,0,35435,0
2026-07-23,0,0,0,0,0,0,0,0
2026-07-24,3,0,0,2,1,0,591,0
2026-07-25,2,0,0,0,2,0,324,0
2026-07-26,3,2,0,1,0,0,122054,81157
2026-07-27,5,0,0,3,2,0,170314,0
2026-07-28,5,1,0,4,0,0,63967,38762
2026-07-29,7,3,0,4,0,0,179594,115119
2026-07-30,4,1,1,0,2,0,5325,5325
2026-07-31,8,2,1,2,3,0,470124,282046
2026-08-01,5,3,0,1,1,0,3003,3003
2026-08-02,3,0,1,1,1,0,107354,0
2026-08-03,6,3,0,3,0,0,131517,6134
2026-08-04,7,4,0,3,0,0,214958,64214
2026-08-05,5,0,1,1,3,0,4805,0
2026-08-06,2,0,0,1,1,0,25140,0
2026-08-07,6,4,0,2,0,0,95136,4245
2026-08-08,10,2,3,3,2,0,389245,10939
2026-08-09,3,0,0,1,2,0,0,0
2026-08-10,4,2,0,2,0,0,64034,11478
2026-08-11,9,2,0,3,4,0,99876,1067
2026-08-12,3,1,0,1,1,0,14580,13189
2026-08-13,6,2,0,4,0,0,150650,36112
2026-08-14,7,2,0,5,0,0,195694,4395
2026-08-15,1,1,0,0,0,0,1067,1067
2026-08-16,1,1,0,0,0,0,0,0
2026-08-17,4,3,0,0,1,0,24505,24505
2026-08-18,6,4,0,1,1,0,312897,0
2026-08-19,6,4,0,0,2,0,78931,78587
2026-08-20,5,2,0,2,1,0,136645,55226
2026-08-21,4,2,0,2,0,0,72476,0
2026-08-22,7,1,2,2,2,0,184497,0
2026-08-23,3,1,0,2,0,0,32472,0
2026-08-24,3,2,0,0,1,0,69775,69775
2026-08-25,4,4,0,0,0,0,56680,56680
2026-08-26,5,2,0,2,1,0,88102,0
2026-08-27,2,2,0,0,0,0,4989,4989
2026-08-28,7,0,0,4,3,0,151980,0
2026-08-29,3,1,0,1,1,0,10089,9744
2026-08-30,6,2,0,2,2,0,70732,42932
2026-08-31,3,1,1,1,0,0,28355,0
2026-09-01,4,1,0,3,0,0,63309,14589
2026-09-02,3,1,0,2,0,0,115187,45387
2026-09-03,2,1,0,1,0,0,116969,44440
2026-09-04,2,0,1,1,0,0,53267,0
2026-09-05,2,0,0,1,1,0,63174,0
2026-09-06,6,2,1,3,0,0,212702,60280
2026-09-07,5,2,0,3,0,0,70380,4758
2026-09-08,6,2,0,3,1,0,390320,0
2026-09-09,3,0,0,1,2,0,0,0
2026-09-10,5,1,0,2,2,0,30768,0
2026-09-11,8,3,0,3,2,0,96001,81604
2026-09-12,2,1,0,1,0,0,84568,4771
2026-09-13,8,1,2,2,3,0,71701,0
2026-09-14,2,0,0,2,0,0,0,0
2026-09-15,2,1,0,1,0,0,53291,0
2026-09-16,1,0,0,1,0,0,51573,0
2026-09-17,3,0,1,2,0,0,66754,0
2026-09-18,7,2,0,4,1,0,144871,6821
2026-09-19,6,1,2,0,3,0,30815,3149
2026-09-20,1,0,0,1,0,0,48165,0
2026-09-21,2,0,0,1,1,0,69956,0
2026-09-22,3,1,0,0,2,0,41053,40377
2026-09-23,4,1,0,2,1,0,122256,0
2026-09-24,5,3,0,2,0,0,104329,56216
2026-09-25,3,2,0,1,0,0,4771,4771
2026-09-26,4,1,0,1,2,0,15403,14589
2026-09-27,1,1,0,0,0,0,8866,8866
2026-09-28,4,2,2,0,0,0,34506,19870
2026-09-29,1,0,0,1,0,0,71715,0
2026-09-30,4,4,0,0,0,0,94024,94024
2026-10-01,0,0,0,0,0,0,0,0
2026-10-02,4,0,0,4,0,0,214811,0
2026-10-03,2,0,0,1,1,0,83315,0
2026-10-04,4,0,1,2,1,0,81884,0
